category,sample_idx,layer_idx,max_attn_idx
10,0,0,0-1-0-0-0-0-0-0-0-0-0-0-12-12-12-2-15-15-15-15-15-15-15-15-15-15-15
10,0,0,0-0-1-1-1-1-1-1-1-1-1-1-1-1-0-2-13-13-13-13-13-13-13-13-13-13-1
10,0,0,0-0-0-0-0-0-0-0-0-0-0-0-12-12-12-2-15-15-15-15-15-15-15-15-15-15-26
10,0,0,0-0-2-2-2-2-2-2-2-2-2-2-0-0-13-2-13-13-13-13-13-13-13-13-13-13-2
10,0,0,0-0-2-2-2-2-2-2-2-2-2-2-12-13-13-2-14-14-14-14-14-14-14-14-14-14-2
10,0,0,0-1-1-1-1-1-1-1-1-1-1-1-0-1-0-2-12-12-12-12-12-12-12-12-12-12-14
10,0,0,0-0-1-1-1-1-1-1-1-1-1-1-1-1-1-2-1-1-1-1-1-1-1-1-1-1-1
10,0,0,0-1-1-1-1-1-1-1-1-1-1-1-0-13-14-2-1-1-1-1-1-1-1-1-1-1-26
10,0,0,0-0-0-0-0-0-0-0-0-0-0-0-12-13-13-2-0-0-0-0-0-0-0-0-0-0-12
10,0,0,0-0-2-2-2-2-2-2-2-2-2-2-0-12-1-2-12-12-12-12-12-12-12-12-12-12-26
10,0,0,0-1-1-1-1-1-1-1-1-1-1-1-12-13-14-2-1-1-1-1-1-1-1-1-1-1-26
10,0,0,0-0-1-1-1-1-1-1-1-1-1-1-1-12-13-2-14-14-14-14-14-14-14-14-14-14-2
10,0,1,0-0-2-3-3-5-6-7-8-8-8-8-12-11-14-15-15-13-13-15-15-15-15-13-13-13-15
10,0,1,0-1-2-2-3-3-3-2-2-2-8-8-12-0-1-8-12-12-12-12-12-12-12-12-12-12-13
10,0,1,0-0-1-1-1-1-1-1-1-1-1-1-2-1-13-5-1-1-1-1-1-1-1-1-1-1-13
10,0,1,0-0-2-2-2-2-2-2-2-2-2-2-11-13-13-15-13-13-13-13-13-13-13-13-13-13-13
10,0,1,0-0-2-3-4-5-6-7-8-8-8-8-12-12-13-11-15-15-15-15-15-15-15-15-15-15-15
10,0,1,0-0-2-2-2-2-2-2-2-2-2-2-0-13-13-15-12-12-12-12-12-12-12-12-12-12-13
10,0,1,0-0-0-0-0-0-0-0-0-0-0-0-12-1-1-11-14-14-14-14-14-14-14-14-14-14-14
10,0,1,0-0-2-3-3-3-3-3-3-3-2-2-4-3-14-2-14-14-14-14-14-14-14-14-14-14-13
10,0,1,0-1-2-2-2-2-2-7-7-7-7-7-2-12-1-8-13-13-13-13-13-13-13-13-13-13-13
10,0,1,0-0-0-0-4-5-6-7-8-8-9-9-12-12-1-2-14-14-14-14-14-14-14-14-14-14-12
10,0,1,0-0-2-2-2-2-2-7-8-8-8-8-12-13-13-13-13-13-13-13-13-13-13-13-13-13-12
10,0,1,0-0-2-2-2-2-2-2-2-2-2-2-1-12-14-12-12-12-12-12-12-12-12-12-12-12-13
10,0,2,0-0-0-0-0-0-0-0-0-0-0-0-0-0-0-12-0-0-0-0-0-0-0-0-0-0-0
10,0,2,0-0-2-2-2-5-6-7-8-8-8-8-11-7-13-12-12-12-12-12-12-12-12-12-12-12-12
10,0,2,0-0-2-2-2-2-6-7-8-8-8-8-12-12-14-12-12-12-12-12-12-12-12-12-12-12-1
10,0,2,0-0-0-0-0-0-0-0-0-0-0-0-12-12-12-12-12-12-12-12-12-12-12-12-12-12-12
10,0,2,0-1-2-2-2-2-2-7-8-9-10-11-0-13-1-15-13-13-13-13-13-13-13-13-13-13-14
10,0,2,0-0-2-3-4-5-6-7-8-8-8-8-12-12-1-13-13-13-13-13-13-13-13-13-13-13-15
10,0,2,0-0-2-3-4-5-6-6-6-9-10-11-11-11-11-15-15-15-15-15-15-15-15-15-15-15-15
10,0,2,0-0-2-2-2-2-2-2-2-2-2-2-12-1-1-2-16-17-18-18-18-18-18-18-18-18-1
10,0,2,0-0-2-3-4-4-1-7-8-1-1-1-12-13-1-2-13-13-13-13-13-13-13-13-13-13-13
10,0,2,0-0-2-2-2-2-2-2-2-2-2-0-12-0-14-13-13-13-13-13-13-13-13-13-13-13-1
10,0,2,0-1-2-2-2-2-2-2-2-2-2-2-0-0-0-2-14-14-14-14-14-14-14-14-14-14-2
10,0,2,0-1-2-0-0-0-0-0-0-0-0-0-12-12-1-14-0-0-0-0-0-0-0-0-0-0-12
10,0,3,0-0-1-3-4-5-5-7-8-9-10-10-12-12-1-13-13-13-13-13-13-13-13-13-13-13-13
10,0,3,0-0-2-2-2-2-2-2-2-2-2-2-12-12-12-2-2-2-2-2-2-2-2-2-2-2-1
10,0,3,0-1-2-3-4-5-6-7-7-7-8-8-12-1-1-15-12-12-12-12-12-12-12-12-12-12-15
10,0,3,0-1-2-2-2-2-2-2-2-2-2-0-0-0-0-0-13-13-13-13-13-13-13-13-13-13-0
10,0,3,0-0-2-3-4-5-0-0-0-0-0-0-1-1-1-12-1-1-1-1-1-1-1-1-1-1-1
10,0,3,0-0-2-2-0-0-0-0-0-0-0-0-1-1-14-0-1-1-1-14-14-0-0-1-1-14-14
10,0,3,0-0-2-2-2-2-2-2-2-2-2-2-12-13-13-2-0-0-0-13-13-0-0-0-0-13-1
10,0,3,0-1-1-1-1-1-1-1-1-1-1-1-1-1-1-1-1-1-1-1-1-1-1-1-1-1-1
10,0,3,0-0-2-3-4-5-6-7-8-9-10-11-12-8-14-12-12-12-12-12-12-12-12-12-12-12-1
10,0,3,0-0-2-3-4-5-6-7-8-9-10-11-12-12-0-15-12-12-12-12-13-13-12-12-13-13-0
10,0,3,0-1-1-1-1-1-1-1-1-1-1-1-12-13-1-12-12-12-12-12-12-12-12-12-12-12-12
10,0,3,0-1-2-3-4-5-6-7-8-8-8-8-12-12-12-12-12-12-12-12-12-12-12-12-12-15-12
10,0,4,0-0-2-2-2-2-2-2-2-2-2-2-12-12-14-15-14-14-14-14-14-14-14-14-14-14-14
10,0,4,0-0-0-0-0-0-0-0-0-0-0-0-12-1-12-12-13-13-13-13-13-13-13-13-13-13-13
10,0,4,0-0-2-3-4-5-5-5-5-9-10-11-11-1-1-11-15-15-18-18-18-21-21-21-21-21-21
10,0,4,0-0-2-3-3-3-3-7-8-8-8-8-4-4-4-11-16-17-18-19-19-18-18-23-24-25-19
10,0,4,0-0-0-3-4-4-4-4-4-4-4-4-4-3-4-5-4-4-4-4-4-4-4-4-4-4-4
10,0,4,0-1-2-3-4-5-6-6-6-9-10-11-11-11-1-14-14-14-14-14-14-14-14-14-14-1-1
10,0,4,0-1-2-3-3-5-6-6-6-6-6-6-9-11-11-2-2-1-1-3-3-2-1-1-1-1-3
10,0,4,0-1-2-2-2-2-2-2-2-2-2-2-0-0-0-2-1-1-1-1-1-1-1-1-1-1-1
10,0,4,0-0-2-2-2-2-2-2-2-2-2-2-1-13-13-15-0-0-0-0-1-0-0-0-0-0-1
10,0,4,0-1-2-2-2-2-2-2-2-2-2-2-2-2-2-2-2-2-2-1-1-1-2-2-2-1-1
10,0,4,0-0-2-3-4-5-6-7-8-9-10-11-0-13-13-9-12-12-12-12-12-12-12-12-12-12-12
10,0,4,0-1-2-2-2-5-2-2-2-2-2-2-12-13-14-2-2-2-2-2-2-1-1-1-1-2-2
10,0,5,0-0-2-3-4-5-6-6-6-9-10-11-11-11-10-11-11-11-18-19-20-19-19-23-24-25-25
10,0,5,0-1-2-3-4-5-6-7-8-9-9-9-12-6-12-12-12-12-12-12-12-12-12-12-12-12-12
10,0,5,0-0-2-3-3-3-3-3-3-3-3-3-0-0-0-4-4-5-5-4-4-4-20-20-20-4-26
10,0,5,0-0-2-2-2-2-2-7-8-8-8-8-1-1-1-2-2-2-2-2-2-2-2-2-2-2-2
10,0,5,0-1-2-3-4-5-6-6-6-6-10-11-12-13-13-4-5-5-4-4-4-4-4-4-4-4-15
10,0,5,0-0-2-3-4-5-6-7-8-8-8-11-0-0-12-11-12-12-12-12-15-12-12-12-12-15-0
10,0,5,0-1-1-1-1-1-1-1-1-1-1-1-1-13-13-13-13-13-13-13-13-13-13-13-13-13-13
10,0,5,0-0-2-3-3-0-0-0-0-0-0-0-8-2-1-12-0-0-0-15-12-0-0-0-0-12-13
10,0,5,0-1-2-3-4-5-6-6-8-9-10-11-12-12-14-14-14-14-14-14-14-14-14-14-14-14-14
10,0,5,0-0-2-2-2-2-2-2-2-2-2-2-1-1-1-15-12-12-12-12-12-12-12-12-12-12-12
10,0,5,0-0-2-2-2-2-2-2-2-2-2-2-2-13-13-13-13-13-13-13-14-13-13-13-13-14-14
10,0,5,0-0-2-3-4-5-6-6-6-9-10-11-12-12-13-11-13-13-13-13-13-13-13-13-13-13-13
10,0,6,0-1-2-3-3-3-3-4-4-4-3-3-1-4-0-4-2-2-2-19-20-20-20-20-20-20-20
10,0,6,0-1-2-2-2-2-6-7-8-8-8-8-12-1-1-12-12-12-12-12-12-12-12-12-12-1-1
10,0,6,0-1-2-2-2-2-2-2-2-2-2-2-12-2-4-14-16-16-18-14-14-20-20-20-20-14-14
10,0,6,0-1-2-3-4-5-5-5-5-5-5-5-4-3-1-5-5-5-5-5-5-5-5-5-5-14-14
10,0,6,0-1-2-3-2-2-2-2-2-2-2-2-0-0-0-0-0-0-0-12-12-0-0-12-12-12-12
10,0,6,0-1-2-3-4-5-6-7-8-8-8-8-12-12-3-9-3-3-2-2-2-2-2-2-2-2-2
10,0,6,0-1-2-2-2-2-2-2-2-2-2-2-12-13-12-12-2-2-2-2-2-2-2-2-2-2-2
10,0,6,0-1-2-3-3-3-3-3-3-3-3-3-12-13-13-13-0-0-0-0-0-0-0-0-0-0-4
10,0,6,0-0-2-3-2-2-2-2-3-2-2-2-4-4-1-2-2-2-2-2-2-2-2-2-2-2-2
10,0,6,0-1-2-3-4-5-6-6-5-5-10-11-11-11-10-12-16-16-16-16-16-16-16-16-16-16-16
10,0,6,0-1-2-3-3-3-6-7-8-9-10-10-12-13-1-15-13-13-13-13-13-13-13-13-13-0-1
10,0,6,0-1-2-3-4-5-6-7-7-7-7-6-11-11-11-5-16-17-18-19-19-19-19-19-19-19-26
10,0,7,0-1-2-3-4-5-6-6-6-9-10-11-11-1-1-11-11-11-11-11-11-11-11-11-11-11-11
10,0,7,0-1-2-3-4-5-6-7-8-9-9-9-7-6-0-14-14-14-14-14-14-14-14-14-14-14-1
10,0,7,0-1-2-3-4-5-6-6-6-6-10-11-12-1-12-11-11-17-18-19-20-20-20-20-20-25-25
10,0,7,0-1-2-3-4-5-6-7-8-9-9-11-12-12-12-12-12-12-12-12-12-12-13-13-13-13-12
10,0,7,0-0-2-3-3-3-3-3-8-9-9-9-12-8-5-15-15-15-15-15-15-15-15-15-15-4-5
10,0,7,0-1-2-2-2-5-6-7-7-7-7-7-5-5-5-7-7-7-7-7-7-7-7-7-7-11-7
10,0,7,0-0-2-3-4-5-6-7-7-7-7-7-12-12-12-11-9-9-9-9-9-9-9-9-9-12-12
10,0,7,0-1-2-2-2-2-2-7-8-8-8-8-12-12-12-9-16-17-18-19-19-20-20-20-24-25-12
10,0,7,0-0-2-3-4-5-5-5-5-9-10-11-3-1-0-4-4-4-4-4-13-4-4-4-4-13-1
10,0,7,0-1-2-2-2-2-2-2-2-2-2-2-1-0-14-3-1-1-14-14-14-1-1-1-14-14-14
10,0,7,0-1-2-2-2-2-2-2-2-2-2-2-8-8-8-7-2-2-2-2-2-2-2-2-2-1-1
10,0,7,0-0-2-3-3-3-3-3-3-3-3-3-2-2-1-3-2-2-2-2-2-2-2-2-2-2-2
10,0,8,0-1-2-3-4-5-6-7-7-7-7-7-11-8-11-8-7-7-7-11-19-7-7-7-19-25-26
10,0,8,0-0-2-2-2-2-6-7-8-8-8-8-12-13-14-8-13-13-13-13-13-13-13-13-13-25-26
10,0,8,0-1-1-1-1-1-1-1-1-1-1-1-9-10-9-9-10-10-10-11-11-11-10-11-11-25-26
10,0,8,0-1-2-3-3-3-3-3-8-9-10-10-11-8-11-14-14-14-14-13-13-13-14-14-14-20-2
10,0,8,0-1-2-3-4-5-6-6-6-6-6-2-11-11-11-11-11-11-11-11-2-11-11-11-2-1-1
10,0,8,0-1-2-3-3-5-6-7-7-7-7-7-2-2-14-11-14-14-14-14-14-14-14-14-14-14-14
10,0,8,0-0-2-3-4-5-6-7-8-8-8-8-12-8-13-12-13-13-13-13-13-13-13-13-13-13-13
10,0,8,0-0-2-3-4-4-4-4-4-4-4-4-11-13-14-15-11-11-11-16-17-4-11-11-24-25-26
10,0,8,0-0-2-3-4-5-6-6-6-6-6-11-11-11-11-14-11-11-11-15-15-11-11-15-14-13-13
10,0,8,0-1-2-3-4-5-6-7-8-9-10-11-5-4-0-11-11-11-11-11-11-11-11-11-24-24-26
10,0,8,0-0-2-3-4-5-5-5-5-9-10-11-2-0-14-11-5-5-5-11-11-5-5-5-11-25-26
10,0,8,0-1-2-2-1-1-1-1-1-1-1-1-11-13-11-15-12-12-12-12-12-12-12-12-1-1-1
10,0,9,0-0-2-3-4-4-4-4-4-4-4-4-3-3-4-9-9-9-9-4-4-9-9-9-12-0-1
10,0,9,0-0-2-3-4-5-6-7-8-9-10-11-11-11-11-12-12-12-12-12-12-12-12-12-12-25-26
10,0,9,0-0-2-2-2-0-0-0-0-0-0-0-2-2-12-12-12-12-12-14-14-12-12-12-14-14-13
10,0,9,0-0-2-3-3-5-6-7-7-9-10-11-11-13-14-15-12-11-11-11-11-11-11-11-11-15-1
10,0,9,0-0-2-2-2-2-2-2-2-2-2-2-8-11-11-12-12-12-12-12-12-12-12-12-12-1-1
10,0,9,0-0-2-2-2-2-2-2-2-2-2-2-2-13-13-2-2-2-2-2-2-2-2-2-2-1-1
10,0,9,0-1-2-3-4-4-4-4-3-4-4-4-4-0-0-11-3-3-1-1-1-1-1-1-1-25-26
10,0,9,0-1-2-3-4-5-6-7-8-7-10-11-12-12-12-15-12-12-12-12-12-12-12-12-12-0-0
10,0,9,0-0-2-2-2-2-6-6-6-6-6-6-11-12-12-6-6-6-6-6-6-6-6-6-6-25-26
10,0,9,0-1-2-3-2-2-2-1-1-1-1-1-2-1-1-2-1-1-1-1-1-1-1-1-1-25-26
10,0,9,0-0-2-2-2-2-2-2-2-0-0-0-4-4-4-5-2-2-2-0-0-0-0-0-0-14-14
10,0,9,0-0-2-3-4-5-6-7-8-9-10-11-11-11-8-11-8-8-8-8-8-8-8-8-8-8-0
10,0,10,0-1-2-3-4-5-6-7-8-9-9-11-12-2-2-12-11-11-11-11-11-11-11-11-12-12-12
10,0,10,0-1-2-3-4-5-6-7-8-9-10-11-3-1-2-11-5-5-5-8-8-5-5-6-8-13-13
10,0,10,0-0-2-3-4-5-5-5-5-5-5-5-7-13-5-11-1-5-5-1-1-1-1-1-1-1-1
10,0,10,0-0-2-2-2-2-2-2-2-2-0-0-6-7-2-2-2-2-2-0-0-2-2-2-2-25-25
10,0,10,0-0-1-1-1-1-1-1-1-1-1-1-12-4-4-2-2-2-2-2-2-2-2-2-2-2-14
10,0,10,0-0-2-2-2-2-2-2-2-2-2-2-5-4-2-2-2-2-2-2-2-2-2-2-2-25-26
10,0,10,0-0-0-0-0-0-0-0-0-0-0-0-0-2-0-2-2-2-0-0-0-0-0-0-0-0-13
10,0,10,0-0-2-3-4-5-6-7-8-9-10-11-11-11-12-11-12-12-12-12-12-12-12-12-12-25-26
10,0,10,0-0-2-3-4-5-6-7-8-9-10-11-11-0-5-12-7-7-13-12-12-13-13-13-12-25-26
10,0,10,0-1-2-3-4-5-6-6-6-9-10-11-9-12-12-9-2-2-2-10-11-2-2-2-11-25-26
10,0,10,0-1-0-0-0-2-2-2-0-0-2-2-12-11-14-11-0-0-0-0-0-0-0-0-0-1-1
10,0,10,0-0-2-3-4-4-4-4-4-4-4-4-11-11-2-11-3-3-2-2-2-3-3-2-2-0-0
10,0,11,0-0-2-2-2-2-6-6-6-6-6-6-1-1-0-11-6-6-6-7-6-6-6-7-7-25-26
10,0,11,0-1-2-1-1-1-1-1-1-1-1-1-2-2-2-15-1-2-2-2-2-1-1-2-1-25-26
10,0,11,0-0-2-2-2-2-2-2-2-2-2-2-9-9-9-7-3-3-7-8-8-7-7-7-7-13-12
10,0,11,0-0-1-1-1-1-1-1-1-1-1-1-12-10-11-13-13-13-13-13-13-13-13-13-13-25-26
10,0,11,0-1-2-3-4-5-6-7-8-8-8-8-0-2-2-8-2-2-2-2-2-2-2-2-2-25-26
10,0,11,0-1-2-3-4-5-6-6-8-9-10-0-2-2-2-9-2-2-2-2-2-2-2-2-2-14-13
10,0,11,0-1-2-3-4-4-4-4-4-1-1-1-12-4-5-12-2-2-2-2-3-2-3-3-24-25-26
10,0,11,0-1-2-2-2-2-2-2-2-2-2-2-8-8-2-11-2-2-2-2-2-2-2-2-2-25-26
10,0,11,0-0-2-2-4-5-6-7-8-9-10-11-12-12-0-15-2-2-2-11-11-2-2-2-11-25-26
10,0,11,0-1-2-3-4-5-6-7-8-9-10-11-7-7-2-15-7-7-6-6-6-6-6-6-6-25-26
10,0,11,0-1-1-1-1-1-1-1-1-1-1-1-2-2-2-2-2-1-1-1-1-1-1-1-1-25-26
10,0,11,0-0-2-2-2-2-2-0-0-2-2-0-6-1-11-11-2-2-4-5-4-2-2-4-4-12-12
10,1,0,0-1-0-0-0-0-0-0-0-0-0-0-12-12-12-2-0-0-0-0-0-0-0-0-0-0-15
10,1,0,0-0-2-2-2-2-2-2-2-2-2-2-1-1-0-2-13-13-13-13-13-13-13-13-13-13-1
10,1,0,0-0-2-2-2-2-2-2-2-2-2-2-12-12-12-2-2-2-2-2-2-2-2-2-2-2-26
10,1,0,0-0-2-2-2-2-2-2-2-2-2-2-0-0-13-2-12-12-12-12-12-12-12-12-12-12-2
10,1,0,0-0-1-1-1-1-1-1-1-1-1-1-12-13-13-2-1-1-1-1-1-1-1-1-1-1-0
10,1,0,0-1-0-0-0-0-0-0-0-0-0-0-0-1-0-2-14-14-14-14-14-14-14-14-14-14-14
10,1,0,0-0-1-1-1-1-1-1-1-1-1-1-1-1-1-2-13-13-13-13-13-13-13-13-13-13-1
10,1,0,0-1-2-2-2-2-2-2-2-2-2-2-0-13-14-2-2-2-2-2-2-2-2-2-2-2-26
10,1,0,0-0-0-0-0-0-0-0-0-0-0-0-2-13-13-2-0-0-0-0-0-0-0-0-0-0-12
10,1,0,0-0-2-2-2-2-2-2-2-2-2-2-0-12-1-2-12-12-12-12-12-12-12-12-12-12-26
10,1,0,0-1-1-1-1-1-1-1-1-1-1-1-12-13-14-2-15-15-15-15-15-15-15-15-15-15-26
10,1,0,0-0-2-2-2-2-2-2-2-2-2-2-1-12-13-2-15-15-15-15-15-15-15-15-15-15-14
10,1,1,0-0-2-0-0-0-0-0-0-0-0-0-0-13-14-12-13-13-13-13-13-13-13-13-13-13-2
10,1,1,0-1-1-1-1-1-1-1-1-1-1-1-12-0-1-2-13-13-13-13-13-13-13-13-13-13-13
10,1,1,0-0-1-1-1-1-1-1-1-1-1-1-0-1-13-1-1-1-1-1-1-1-1-1-1-1-13
10,1,1,0-0-2-2-2-2-2-2-2-2-2-2-11-13-13-15-13-13-13-13-14-14-13-13-13-14-13
10,1,1,0-0-2-3-4-4-4-7-8-9-9-9-12-12-13-10-15-15-15-15-15-15-15-15-15-15-15
10,1,1,0-0-2-2-2-5-6-7-8-9-9-9-0-13-13-15-13-13-13-13-13-13-13-13-13-13-13
10,1,1,0-0-2-2-1-5-6-6-6-6-6-6-7-1-1-11-13-13-13-13-13-13-13-13-13-13-14
10,1,1,0-0-2-2-2-5-6-7-7-7-7-7-4-1-14-6-14-14-14-14-14-14-14-14-14-14-13
10,1,1,0-1-0-0-0-0-0-0-0-0-0-0-1-12-1-4-12-12-12-12-12-12-12-12-12-12-13
10,1,1,0-0-2-3-4-5-6-6-6-6-10-11-11-12-1-11-13-13-13-13-13-13-13-13-15-15-14
10,1,1,0-0-2-2-2-0-0-0-0-0-0-0-12-13-13-14-14-14-14-14-14-14-14-14-14-14-14
10,1,1,0-0-2-2-2-2-2-2-2-2-2-2-1-1-14-12-12-12-12-12-12-12-12-12-12-12-13
10,1,2,0-0-0-0-0-0-0-0-0-0-0-0-0-0-0-12-0-0-0-0-0-0-0-0-0-0-0
10,1,2,0-0-2-2-2-2-2-2-2-2-2-2-2-9-13-2-12-12-12-12-12-12-12-12-12-12-12
10,1,2,0-0-2-2-2-2-6-7-8-8-8-8-12-12-2-12-14-14-14-14-12-12-12-14-14-14-1
10,1,2,0-0-1-1-1-1-1-1-1-1-1-1-12-12-12-12-12-12-12-12-12-12-12-12-12-12-12
10,1,2,0-1-2-2-2-2-2-2-2-2-2-2-0-13-1-11-14-14-14-14-14-14-14-14-14-14-14
10,1,2,0-0-2-3-4-5-6-7-8-9-10-11-12-12-1-15-15-15-15-15-15-15-15-15-15-15-15
10,1,2,0-0-2-2-2-0-0-0-0-0-0-0-2-1-0-2-0-0-0-0-0-0-0-0-0-0-1
10,1,2,0-0-2-3-4-4-4-4-4-4-4-4-12-1-12-15-14-14-14-14-14-14-14-14-14-14-1
10,1,2,0-0-1-1-1-1-1-1-1-1-1-1-12-13-0-15-13-13-13-13-13-13-13-13-13-13-13
10,1,2,0-0-2-2-2-2-2-2-2-2-2-2-12-0-14-2-13-13-2-2-2-2-2-2-2-2-1
10,1,2,0-1-2-2-2-2-6-7-7-7-7-11-12-11-0-11-13-13-13-13-13-13-13-13-13-13-11
10,1,2,0-1-2-1-1-1-1-1-1-1-1-1-12-12-1-12-12-12-12-12-12-12-12-12-12-12-13
10,1,3,0-0-1-1-1-1-1-1-1-1-1-1-12-12-1-2-13-13-13-13-13-13-13-13-13-13-13
10,1,3,0-0-2-2-2-2-2-2-2-2-2-2-2-12-13-2-1-1-1-1-1-1-1-1-1-1-1
10,1,3,0-1-2-3-4-5-6-7-8-9-10-10-12-1-1-15-12-12-12-12-12-12-12-12-12-12-15
10,1,3,0-1-2-2-2-2-2-2-2-2-2-2-0-0-3-3-2-2-2-2-2-2-2-2-2-2-1
10,1,3,0-0-0-0-0-0-0-0-0-0-0-0-1-1-1-2-1-0-0-0-0-0-0-0-0-0-1
10,1,3,0-0-2-3-4-5-6-7-8-9-10-10-1-1-14-2-12-12-12-13-13-12-12-12-12-13-14
10,1,3,0-0-2-2-2-2-2-2-2-2-2-2-12-13-13-2-1-1-1-13-13-0-1-1-1-13-1
10,1,3,0-1-2-1-1-1-1-1-1-1-1-1-7-2-1-2-1-1-1-1-1-1-1-1-1-1-1
10,1,3,0-0-2-2-2-2-2-2-2-2-2-2-7-6-14-15-12-13-13-1-1-13-13-13-13-1-1
10,1,3,0-0-2-3-4-5-6-7-8-9-10-11-7-7-0-15-15-15-15-15-15-15-15-15-15-15-15
10,1,3,0-1-1-1-1-1-1-1-1-1-1-1-12-13-1-12-12-12-12-12-12-12-12-12-12-12-12
10,1,3,0-1-2-2-2-1-1-1-1-1-0-0-5-5-12-2-1-1-1-1-1-1-1-1-1-1-1
10,1,4,0-0-2-3-3-3-3-3-8-8-8-8-2-12-14-2-16-16-16-16-16-16-16-16-16-16-2
10,1,4,0-0-2-2-0-0-0-0-0-0-0-0-12-2-2-2-13-13-13-13-13-13-13-13-13-13-13
10,1,4,0-0-2-3-3-3-3-3-3-3-3-3-11-1-1-13-12-12-12-12-12-12-12-12-12-12-12
10,1,4,0-0-2-3-4-5-6-7-8-9-10-11-5-4-1-11-15-15-15-15-15-15-15-15-15-24-24
10,1,4,0-0-2-3-4-5-6-7-7-7-7-11-10-10-8-11-11-11-11-11-11-11-11-11-11-0-4
10,1,4,0-1-2-3-4-4-4-4-4-4-4-4-0-2-1-10-4-4-4-4-4-16-16-4-4-4-1
10,1,4,0-1-2-2-2-2-2-2-2-2-2-2-12-9-4-2-12-12-12-12-12-12-12-12-12-12-1
10,1,4,0-1-2-2-2-2-2-2-2-2-2-2-0-0-0-2-1-1-1-1-1-1-1-1-1-1-1
10,1,4,0-0-2-2-2-2-2-0-0-0-0-0-1-13-1-13-1-1-1-1-1-1-1-1-1-1-1
10,1,4,0-1-2-3-4-4-4-4-4-4-4-4-11-1-1-4-1-1-1-1-1-1-1-1-1-1-1
10,1,4,0-0-2-2-2-2-2-2-2-2-2-2-0-13-13-2-2-2-2-13-13-13-2-2-2-13-1
10,1,4,0-1-2-3-3-3-3-3-3-3-3-3-9-13-14-15-3-3-3-3-3-3-3-3-3-3-3
10,1,5,0-0-2-3-4-5-6-7-8-9-10-11-0-0-13-15-16-17-18-18-18-21-21-23-24-24-24
10,1,5,0-1-2-2-2-2-2-2-2-2-2-2-12-13-14-14-14-14-14-14-14-13-13-13-13-0-0
10,1,5,0-0-2-3-4-5-6-7-8-8-10-11-0-0-0-11-15-15-15-15-15-15-15-15-15-15-15
10,1,5,0-0-2-2-2-2-2-2-2-2-2-2-1-13-1-1-1-1-1-12-12-1-1-1-1-1-13
10,1,5,0-1-2-2-2-5-6-7-8-9-10-10-0-13-13-0-2-2-15-15-15-15-15-15-15-15-0
10,1,5,0-0-2-3-4-4-4-7-8-9-10-10-0-12-12-12-9-15-9-9-9-9-15-15-15-9-15
10,1,5,0-1-2-3-4-5-6-6-8-9-10-11-0-13-13-11-16-17-18-19-19-19-19-19-19-25-13
10,1,5,0-0-2-3-3-3-0-0-0-0-0-0-11-10-7-12-12-12-12-12-12-12-12-12-12-12-12
10,1,5,0-1-2-3-4-5-6-7-8-9-10-11-12-13-14-15-15-15-15-14-14-14-14-15-24-14-13
10,1,5,0-0-2-2-2-2-2-0-0-0-0-0-1-1-1-12-12-12-12-12-12-12-12-12-12-12-12
10,1,5,0-0-2-3-4-5-6-7-8-9-10-11-11-13-13-15-15-15-15-15-15-15-15-15-15-15-15
10,1,5,0-0-2-3-4-5-6-7-8-9-10-11-12-13-13-13-13-13-13-13-13-13-13-13-13-13-13
10,1,6,0-1-2-3-4-5-6-6-6-6-6-6-0-0-0-6-2-2-2-2-2-2-2-2-2-2-5
10,1,6,0-1-2-3-4-5-6-7-8-9-10-10-4-1-1-10-4-4-3-3-3-4-4-4-3-3-3
10,1,6,0-1-2-1-1-1-1-1-1-1-1-1-12-1-14-14-14-14-14-14-14-14-14-14-14-14-14
10,1,6,0-1-2-2-2-2-2-2-2-2-2-2-2-1-1-11-14-14-14-14-14-14-14-14-14-14-14
10,1,6,0-1-2-3-4-5-6-6-6-6-6-6-0-0-7-7-6-6-6-6-6-2-6-6-6-6-6
10,1,6,0-1-2-3-4-5-6-7-8-9-10-11-12-4-11-15-12-12-12-12-12-12-12-12-12-12-15
10,1,6,0-1-2-3-4-5-6-6-6-6-6-6-12-13-8-5-6-6-6-5-5-5-6-6-6-5-2
10,1,6,0-1-2-3-3-3-3-3-3-3-3-3-0-13-13-12-3-3-2-2-2-3-3-3-3-3-3
10,1,6,0-0-2-3-4-2-2-2-2-2-2-2-1-1-1-2-2-2-2-2-2-2-2-2-2-1-1
10,1,6,0-1-2-3-4-5-6-5-5-5-10-11-12-13-13-13-13-13-13-13-13-13-13-13-13-13-13
10,1,6,0-1-2-3-4-5-6-7-8-9-10-11-11-10-1-11-15-15-15-15-15-15-15-15-15-15-15
10,1,6,0-1-2-3-4-5-5-7-8-9-10-10-1-13-13-15-15-15-15-15-15-15-15-15-15-15-26
10,1,7,0-1-2-3-4-5-6-6-6-6-6-6-1-1-1-7-6-6-6-6-6-6-6-6-6-6-6
10,1,7,0-1-2-3-4-5-6-7-8-9-10-10-9-3-3-10-16-16-16-16-16-21-21-21-21-21-3
10,1,7,0-1-2-2-2-2-2-2-2-2-2-2-12-12-12-12-12-12-12-19-20-20-20-20-20-25-25
10,1,7,0-1-2-3-4-5-5-5-5-5-5-5-12-12-12-12-12-12-12-12-12-12-12-12-12-12-12
10,1,7,0-0-2-3-4-5-6-7-8-9-10-10-11-10-9-12-12-12-12-9-9-12-12-12-12-9-4
10,1,7,0-1-2-2-2-5-6-7-7-7-7-2-2-3-2-2-7-2-2-2-7-7-7-2-2-7-7
10,1,7,0-0-2-3-3-3-3-3-3-3-3-3-12-12-12-3-3-3-3-12-12-3-3-3-3-12-12
10,1,7,0-1-2-2-4-5-5-5-5-5-5-11-12-13-12-15-12-12-12-12-12-12-12-12-12-12-12
10,1,7,0-0-2-3-4-5-6-6-6-6-6-5-4-2-2-11-2-2-2-13-13-2-2-2-2-13-13
10,1,7,0-1-2-2-2-2-6-7-8-8-8-11-1-0-14-14-14-14-14-14-14-14-14-14-14-14-14
10,1,7,0-1-2-3-4-5-6-7-8-9-9-9-11-13-12-5-12-12-12-12-12-12-12-12-12-13-13
10,1,7,0-0-2-2-2-2-2-2-2-2-2-2-11-11-2-2-2-2-2-2-2-1-1-1-1-1-1
10,1,8,0-1-2-2-2-3-3-3-3-9-9-9-2-2-2-2-2-2-2-2-9-2-2-2-9-19-25
10,1,8,0-0-2-2-2-2-2-2-2-2-10-11-12-13-14-11-14-14-14-14-14-14-14-14-14-25-26
10,1,8,0-1-2-2-4-5-6-6-8-9-10-11-11-11-11-11-11-11-11-11-20-11-11-11-20-25-26
10,1,8,0-1-2-3-3-3-3-3-8-9-9-9-8-3-3-12-3-3-2-2-2-2-2-2-2-2-3
10,1,8,0-1-2-3-4-4-4-4-4-4-4-4-10-10-13-12-12-12-12-12-12-12-12-12-12-1-1
10,1,8,0-1-2-3-4-5-6-7-8-9-10-11-11-11-11-11-11-11-11-14-14-11-11-11-14-14-14
10,1,8,0-0-2-3-2-2-2-2-2-2-2-2-12-12-13-2-2-2-2-2-2-2-2-1-1-1-12
10,1,8,0-0-2-3-4-5-5-5-8-9-10-11-10-10-14-15-11-11-11-11-15-11-11-11-11-25-26
10,1,8,0-0-2-3-4-5-5-5-5-5-5-1-4-4-4-15-5-5-5-14-14-5-5-5-15-13-13
10,1,8,0-1-2-3-4-4-4-4-4-4-10-10-4-3-11-4-4-4-4-19-20-4-4-4-24-25-24
10,1,8,0-0-2-3-4-5-5-5-5-5-5-6-4-3-4-6-4-5-5-11-11-5-5-5-6-25-26
10,1,8,0-1-2-3-4-4-4-7-8-8-3-3-10-10-11-9-3-3-3-2-2-3-3-3-2-1-1
10,1,9,0-0-2-3-4-5-5-5-5-5-2-1-12-12-12-12-12-12-12-12-12-12-12-12-12-1-1
10,1,9,0-0-2-3-4-5-6-7-6-9-10-11-7-7-9-14-12-12-12-14-20-12-12-12-12-25-26
10,1,9,0-0-2-3-4-4-4-4-3-3-3-4-3-2-2-2-12-12-12-2-2-2-2-2-13-13-26
10,1,9,0-0-2-2-2-2-2-2-2-2-2-2-12-12-14-11-2-2-2-2-2-2-2-2-2-10-11
10,1,9,0-0-2-2-2-2-6-7-8-9-9-9-10-12-12-15-9-9-9-2-2-9-9-9-2-1-1
10,1,9,0-0-2-3-4-5-6-7-8-8-8-8-3-13-13-12-8-8-8-2-2-2-8-2-2-1-1
10,1,9,0-1-2-3-4-5-5-5-5-5-5-5-0-0-2-15-1-1-1-1-1-1-1-1-1-24-26
10,1,9,0-1-2-3-4-5-6-7-8-9-10-11-12-12-12-15-15-12-12-12-14-12-12-12-12-0-0
10,1,9,0-0-2-3-4-5-6-7-8-9-10-11-12-12-12-15-15-12-12-12-12-12-12-12-12-25-26
10,1,9,0-1-2-3-3-3-3-3-3-3-3-3-4-1-2-3-2-2-2-1-2-2-2-2-2-19-25
10,1,9,0-0-2-3-4-5-5-5-5-5-5-5-4-4-4-5-5-5-4-4-14-4-4-4-4-14-14
10,1,9,0-0-2-3-4-5-6-7-8-9-10-11-11-11-10-15-15-15-15-15-15-15-15-15-15-15-9
10,1,10,0-1-2-2-2-2-2-2-2-2-2-2-8-8-7-9-12-12-12-12-12-12-12-12-12-12-0
10,1,10,0-1-2-3-4-5-6-7-8-9-9-9-1-1-13-13-1-1-1-13-13-16-16-16-13-13-13
10,1,10,0-0-2-0-0-0-0-0-0-0-0-0-2-0-1-4-3-3-3-3-3-3-3-3-3-1-1
10,1,10,0-0-1-1-1-1-1-1-1-1-1-1-11-11-7-12-12-12-12-12-12-12-12-12-12-1-26
10,1,10,0-0-1-1-1-1-1-1-1-1-1-1-12-2-9-1-0-1-1-1-1-0-1-1-1-1-0
10,1,10,0-0-2-2-2-2-2-2-2-2-2-2-6-5-2-2-2-2-2-2-2-2-2-2-2-25-26
10,1,10,0-0-2-2-2-0-0-0-0-0-0-0-6-6-2-8-2-2-2-0-0-2-2-2-2-0-13
10,1,10,0-0-2-3-4-5-6-7-8-9-10-10-12-10-10-15-15-15-15-10-10-10-10-15-10-25-26
10,1,10,0-0-2-3-4-5-5-7-8-9-10-10-3-3-5-12-3-2-2-12-12-2-2-2-2-25-26
10,1,10,0-1-2-2-4-5-6-6-6-6-6-6-2-12-12-2-2-2-2-11-20-2-2-2-2-25-26
10,1,10,0-1-2-2-2-2-2-2-2-2-2-2-12-13-14-2-2-2-0-0-0-0-0-0-0-1-1
10,1,10,0-0-2-3-4-5-6-7-7-7-10-11-12-13-2-11-2-2-2-2-2-2-2-2-2-0-0
10,1,11,0-0-1-0-0-0-0-0-0-0-0-0-5-0-0-11-1-1-1-0-0-1-1-1-1-25-26
10,1,11,0-1-1-1-1-1-1-1-1-1-1-1-1-2-1-1-1-1-1-1-1-1-1-1-1-25-26
10,1,11,0-0-0-0-0-1-1-1-1-1-1-1-2-12-7-14-1-1-1-13-13-1-1-1-1-12-14
10,1,11,0-0-0-0-0-0-0-0-0-0-0-0-12-11-11-14-14-14-14-11-20-14-14-14-11-25-26
10,1,11,0-1-2-3-4-5-6-7-7-9-10-11-0-0-2-12-16-7-18-19-20-20-20-20-20-25-26
10,1,11,0-1-1-1-1-1-1-1-1-1-1-1-12-2-2-12-1-1-1-1-1-1-1-1-1-14-14
10,1,11,0-1-2-3-4-5-5-7-8-9-9-9-12-2-3-12-3-3-4-4-5-4-4-4-4-25-26
10,1,11,0-1-1-1-1-1-1-6-6-6-6-11-12-0-6-11-2-2-2-6-20-2-2-2-6-25-26
10,1,11,0-0-2-3-4-5-5-5-8-9-10-10-12-1-0-9-2-2-2-9-20-2-2-2-3-25-26
10,1,11,0-1-2-2-2-2-2-0-0-0-0-0-11-11-7-12-2-2-2-0-0-2-2-2-0-25-26
10,1,11,0-1-1-1-1-1-1-1-1-1-1-1-8-2-2-2-2-2-2-2-1-2-2-2-1-14-26
10,1,11,0-0-2-3-4-4-4-4-4-4-4-4-0-11-11-10-4-4-4-4-4-4-4-4-4-12-12
10,2,0,0-1-0-0-0-0-0-0-0-0-0-0-12-12-12-2-13-13-13-13-13-13-13-13-13-13-15
10,2,0,0-0-1-1-1-1-1-1-1-1-1-1-1-1-0-2-1-1-1-1-1-1-1-1-1-1-1
10,2,0,0-0-1-1-1-1-1-1-1-1-1-1-12-12-12-2-1-1-1-1-1-1-1-1-1-1-26
10,2,0,0-0-2-2-2-2-2-2-2-2-2-2-0-0-13-2-14-14-14-14-14-14-14-14-14-14-2
10,2,0,0-0-1-1-1-1-1-1-1-1-1-1-12-13-13-2-1-1-1-1-1-1-1-1-1-1-0
10,2,0,0-1-2-2-2-2-2-2-2-2-2-2-0-1-0-2-2-2-2-2-2-2-2-2-2-2-14
10,2,0,0-0-0-0-0-0-0-0-0-0-0-0-1-1-1-2-12-12-12-12-12-12-12-12-12-12-1
10,2,0,0-1-0-0-0-0-0-0-0-0-0-0-0-13-14-2-0-0-0-0-0-0-0-0-0-0-26
10,2,0,0-0-0-0-0-0-0-0-0-0-0-0-12-13-13-2-14-14-14-14-14-14-14-14-14-14-12
10,2,0,0-0-1-1-1-1-1-1-1-1-1-1-0-12-1-2-13-13-13-13-13-13-13-13-13-13-26
10,2,0,0-1-1-1-1-1-1-1-1-1-1-1-2-13-14-2-14-14-14-14-14-14-14-14-14-14-2
10,2,0,0-0-0-0-0-0-0-0-0-0-0-0-1-12-13-2-12-12-12-12-12-12-12-12-12-12-2
10,2,1,0-0-2-2-2-2-0-0-0-0-0-0-8-13-14-8-0-0-0-0-0-0-0-0-0-0-0
10,2,1,0-1-2-2-2-2-2-2-3-3-3-3-12-12-1-3-13-13-13-13-13-13-13-13-13-13-14
10,2,1,0-0-2-2-2-2-2-7-8-8-8-8-12-1-13-5-13-13-13-13-20-20-20-13-13-13-13
10,2,1,0-0-1-1-4-4-4-5-5-5-5-11-8-13-13-2-12-12-12-12-12-12-12-12-12-12-13
10,2,1,0-0-2-3-2-2-6-0-0-0-8-8-12-12-13-6-14-14-14-14-1-1-14-14-14-14-15
10,2,1,0-0-2-3-3-3-3-3-3-3-3-2-0-13-13-8-13-13-13-13-13-13-13-13-13-13-13
10,2,1,0-0-2-2-2-3-2-7-8-8-8-8-12-1-1-2-15-15-15-15-15-15-15-15-15-15-14
10,2,1,0-0-2-3-3-3-3-3-3-3-3-3-7-11-14-8-14-14-14-14-14-14-14-14-14-14-17
10,2,1,0-1-0-0-1-1-0-0-0-0-0-0-12-12-1-2-1-12-12-0-0-1-1-1-12-12-15
10,2,1,0-0-2-2-2-2-2-7-0-0-0-7-9-12-1-9-12-12-12-12-12-12-12-12-12-12-12
10,2,1,0-0-2-3-3-2-2-7-8-9-9-9-12-13-13-2-12-12-12-12-12-12-13-12-12-12-12
10,2,1,0-0-2-2-2-2-2-2-2-2-2-2-1-1-14-9-12-12-12-12-12-12-12-12-12-12-13
10,2,2,0-0-0-0-0-0-0-0-0-0-0-0-0-0-0-2-0-0-0-0-0-0-0-0-0-0-0
10,2,2,0-0-2-2-2-2-2-2-2-2-2-2-8-7-9-2-12-12-12-12-12-12-12-12-12-12-12
10,2,2,0-0-2-3-4-4-4-4-4-9-10-10-12-12-14-14-14-14-14-14-14-14-14-14-14-14-1
10,2,2,0-0-2-3-4-5-5-5-5-5-5-11-12-12-12-2-12-12-12-12-12-12-12-12-12-12-12
10,2,2,0-1-2-3-4-5-6-7-8-9-9-10-0-13-1-15-16-17-18-19-20-21-22-23-24-25-14
10,2,2,0-0-2-1-1-1-1-1-1-1-1-1-12-12-1-12-15-15-15-15-15-15-15-15-15-15-12
10,2,2,0-0-2-2-3-3-3-3-8-8-8-8-8-1-7-15-15-15-15-15-15-14-14-14-15-15-15
10,2,2,0-0-2-3-3-3-3-3-3-3-3-3-12-1-12-2-14-14-14-2-2-2-14-14-2-2-1
10,2,2,0-0-2-3-4-5-5-5-5-5-5-1-12-13-9-15-13-13-13-13-13-13-13-13-13-13-13
10,2,2,0-0-2-2-2-2-2-2-2-2-2-2-2-0-14-2-13-13-13-13-13-13-13-13-13-13-1
10,2,2,0-1-2-3-4-4-4-7-8-9-10-10-11-9-0-8-12-12-12-12-12-12-12-12-12-12-9
10,2,2,0-1-2-2-2-2-2-2-2-2-2-2-2-2-1-2-2-2-2-1-1-2-2-2-2-1-13
10,2,3,0-0-2-3-3-3-3-3-3-3-3-3-12-12-1-2-12-12-13-13-13-13-12-12-13-13-13
10,2,3,0-0-2-2-2-2-2-2-2-9-10-11-12-12-12-12-12-12-12-12-12-12-12-12-12-12-12
10,2,3,0-1-2-3-4-5-6-6-6-6-6-6-11-1-1-2-15-15-15-5-6-15-15-15-15-5-3
10,2,3,0-1-2-2-2-2-2-2-2-2-2-2-0-0-0-13-13-13-13-13-13-13-13-13-13-13-0
10,2,3,0-0-0-0-0-0-0-0-0-0-0-0-1-1-1-12-1-15-15-1-1-1-15-15-15-1-0
10,2,3,0-0-2-3-4-4-5-5-5-4-4-11-3-2-14-10-4-5-11-10-10-10-10-10-11-10-4
10,2,3,0-0-2-3-3-3-3-3-2-3-3-3-1-13-13-2-13-13-13-13-13-13-13-13-13-13-1
10,2,3,0-1-2-1-1-1-1-1-1-1-1-1-12-8-1-2-1-1-1-1-1-1-1-1-1-1-1
10,2,3,0-0-2-2-2-2-6-6-6-6-6-11-3-10-1-6-13-13-13-1-1-13-13-13-13-1-1
10,2,3,0-0-2-3-4-5-6-7-8-9-10-9-12-11-12-15-15-15-15-15-15-15-12-12-15-15-4
10,2,3,0-1-1-1-1-1-1-1-1-1-1-1-12-13-1-1-12-1-1-1-1-1-1-1-1-1-1
10,2,3,0-1-1-1-1-1-1-1-1-1-1-1-12-5-12-0-12-12-12-12-12-12-12-12-12-12-12
10,2,4,0-0-2-3-3-3-3-3-3-3-3-3-7-8-7-8-16-16-16-16-16-16-16-16-16-16-18
10,2,4,0-0-0-0-0-0-0-0-0-0-0-0-5-11-1-0-14-13-13-13-13-13-14-14-14-13-13
10,2,4,0-0-2-3-3-5-6-7-8-8-8-8-7-7-1-8-7-7-7-7-7-7-7-7-7-7-21
10,2,4,0-0-2-3-3-3-3-3-3-3-3-3-8-7-5-12-12-12-12-12-12-12-12-12-12-12-12
10,2,4,0-0-0-0-0-0-0-1-1-1-1-1-11-9-6-3-12-12-12-12-12-12-12-12-12-0-2
10,2,4,0-1-2-2-2-2-2-2-2-2-2-2-0-1-1-1-1-1-1-1-1-1-1-1-1-1-1
10,2,4,0-1-2-3-4-5-5-5-5-9-10-11-12-9-5-15-15-15-15-18-18-18-18-15-15-18-17
10,2,4,0-1-2-1-1-1-1-1-1-1-1-1-0-0-0-5-1-1-1-1-1-1-1-1-1-1-1
10,2,4,0-0-0-0-0-0-0-0-0-0-0-0-1-13-13-2-0-0-0-0-0-0-0-0-0-0-1
10,2,4,0-1-2-2-2-2-2-2-2-2-2-2-4-4-4-3-3-3-3-2-2-3-2-2-2-2-3
10,2,4,0-0-2-3-3-3-3-3-3-3-3-3-0-13-13-10-3-3-3-3-3-3-22-22-22-3-12
10,2,4,0-1-1-3-4-5-5-5-1-5-5-5-3-13-14-4-5-4-5-5-5-5-5-5-5-5-4
10,2,5,0-0-2-3-4-4-4-7-8-9-9-9-11-0-13-15-15-15-15-19-20-20-20-20-20-25-26
10,2,5,0-1-2-3-3-4-4-4-4-4-4-4-2-2-12-4-14-14-14-14-14-14-14-14-14-14-1
10,2,5,0-0-2-2-2-2-2-3-3-3-4-4-0-0-0-15-15-15-15-15-15-15-15-15-15-15-15
10,2,5,0-0-2-2-2-2-2-2-2-2-2-2-1-1-1-1-2-2-2-2-2-2-2-2-2-2-1
10,2,5,0-1-2-3-4-4-4-4-4-9-10-11-0-13-13-11-15-15-15-15-15-15-15-15-15-15-0
10,2,5,0-0-2-3-4-4-4-4-4-4-4-4-0-12-12-10-12-4-4-4-10-4-4-4-4-10-5
10,2,5,0-1-2-2-3-3-2-2-2-2-2-3-1-13-13-13-13-13-13-13-13-13-13-13-13-13-13
10,2,5,0-0-0-0-0-0-0-0-0-0-0-0-8-5-4-12-0-0-0-0-0-0-0-0-0-0-12
10,2,5,0-1-2-3-4-4-6-7-8-9-9-9-1-13-14-14-14-14-14-14-14-14-14-13-14-13-13
10,2,5,0-0-2-2-2-2-2-2-2-2-2-2-1-1-1-12-12-12-12-12-12-12-12-12-12-12-12
10,2,5,0-0-2-3-3-3-3-7-8-8-8-8-12-13-13-13-14-14-14-14-14-13-13-13-13-14-13
10,2,5,0-0-2-3-4-4-4-5-5-5-10-11-12-13-13-11-13-13-13-13-13-13-13-13-13-13-13
10,2,6,0-1-2-3-3-3-4-4-8-9-9-9-0-0-0-4-16-17-17-17-17-17-22-22-22-22-22
10,2,6,0-1-2-3-4-4-4-4-8-9-10-10-8-1-1-12-12-12-12-12-12-12-12-12-12-12-1
10,2,6,0-1-2-3-4-5-5-5-8-8-8-11-12-2-12-12-16-16-16-16-16-16-16-23-23-16-14
10,2,6,0-1-2-3-4-4-4-4-4-4-4-4-1-1-1-13-13-13-13-13-13-13-14-14-14-14-14
10,2,6,0-1-2-3-4-4-4-4-4-4-4-4-0-0-0-5-0-0-0-13-13-13-13-13-13-12-17
10,2,6,0-1-2-3-4-4-4-4-4-9-10-10-12-12-12-12-12-12-12-12-12-12-12-12-12-12-12
10,2,6,0-1-2-2-2-2-2-2-2-2-2-2-12-13-2-2-2-2-2-2-2-2-2-2-2-2-2
10,2,6,0-1-2-2-2-2-2-2-2-2-2-2-0-0-0-2-2-2-2-2-2-2-2-2-2-2-0
10,2,6,0-0-2-3-4-5-6-6-6-6-10-11-7-1-1-11-6-6-6-6-2-6-6-6-6-6-1
10,2,6,0-1-2-3-4-5-6-7-8-9-10-9-10-13-13-15-15-15-15-15-15-15-15-15-15-15-21
10,2,6,0-1-2-3-4-4-4-4-8-9-10-10-11-11-1-15-15-15-15-15-15-15-15-15-15-15-15
10,2,6,0-1-2-3-4-5-5-5-5-5-5-5-11-13-10-13-12-12-18-18-18-13-13-13-18-18-18
10,2,7,0-1-2-3-4-5-6-7-8-9-9-9-8-13-1-8-8-8-8-8-8-8-8-8-8-21-21
10,2,7,0-1-2-3-4-5-5-5-5-9-10-11-11-0-0-4-14-14-14-5-5-14-14-14-14-14-3
10,2,7,0-1-2-2-2-2-2-2-2-2-2-2-12-12-14-12-16-17-18-18-18-18-18-18-18-24-25
10,2,7,0-1-2-3-4-5-6-7-8-9-10-11-12-12-12-15-12-15-15-15-15-12-15-15-12-12-12
10,2,7,0-0-2-3-4-4-6-7-8-9-10-10-9-8-2-15-15-15-15-15-15-15-15-15-15-15-15
10,2,7,0-1-2-2-2-2-2-2-2-2-2-2-8-7-8-8-8-8-8-8-8-8-8-8-8-8-8
10,2,7,0-0-2-3-3-3-3-2-2-2-2-2-2-12-12-3-2-2-2-3-12-3-3-3-3-12-12
10,2,7,0-1-2-3-4-4-4-7-8-9-10-10-12-10-10-12-12-12-12-12-12-12-12-12-12-12-12
10,2,7,0-0-2-2-2-2-2-7-8-7-8-2-2-1-0-8-7-7-7-14-13-13-13-13-13-13-1
10,2,7,0-1-2-2-2-2-2-2-2-2-2-2-1-0-14-14-14-14-14-14-14-14-14-14-14-14-14
10,2,7,0-1-2-3-4-5-6-6-6-6-6-11-11-13-12-5-12-12-12-12-12-12-12-12-12-12-1
10,2,7,0-0-2-2-2-2-2-2-2-2-2-2-2-2-12-14-12-12-12-2-12-12-2-2-2-2-2
10,2,8,0-1-2-3-3-3-3-3-3-3-3-3-4-4-4-3-3-3-3-3-3-3-3-3-3-25-25
10,2,8,0-0-2-3-3-3-3-7-7-9-10-11-12-13-13-9-13-13-13-13-13-13-11-13-13-25-26
10,2,8,0-1-1-1-4-4-4-4-1-5-10-11-3-9-10-15-14-13-13-13-14-14-13-13-13-25-26
10,2,8,0-1-2-3-3-3-6-7-8-9-9-9-9-9-3-9-9-9-9-9-9-9-9-9-10-10-10
10,2,8,0-1-2-1-1-1-1-1-1-1-1-1-11-11-13-12-12-12-12-12-12-12-12-12-12-1-1
10,2,8,0-1-2-3-4-4-3-3-3-3-3-3-11-9-11-2-3-3-4-4-5-4-3-3-4-14-14
10,2,8,0-0-2-3-4-4-4-4-4-9-10-10-12-3-3-12-13-13-13-13-13-13-13-13-13-13-13
10,2,8,0-0-2-3-4-5-6-7-8-8-8-8-8-8-8-8-8-8-8-8-8-8-8-8-8-25-26
10,2,8,0-0-2-2-2-2-2-2-2-2-2-2-2-2-2-2-2-2-2-2-2-2-2-2-2-13-13
10,2,8,0-1-2-3-4-5-6-7-8-8-8-8-8-9-9-10-10-10-10-10-10-10-10-10-10-24-24
10,2,8,0-0-2-3-3-3-6-7-8-8-7-8-2-0-9-7-3-3-9-9-9-9-9-9-9-25-26
10,2,8,0-1-2-3-3-3-3-3-3-3-3-3-9-10-9-9-4-4-4-0-0-4-4-4-0-1-1
10,2,9,0-0-2-3-4-4-4-4-4-4-10-10-3-3-3-12-12-12-12-12-12-12-12-12-12-1-1
10,2,9,0-0-2-3-3-3-3-3-3-3-3-3-8-7-8-8-12-12-12-12-20-12-12-20-20-25-26
10,2,9,0-0-2-3-4-4-4-4-4-9-10-11-10-3-3-14-12-13-13-13-14-13-13-13-13-14-14
10,2,9,0-0-2-2-2-2-2-2-2-2-6-6-7-12-8-5-12-12-12-12-12-12-12-12-12-12-2
10,2,9,0-0-2-3-4-4-4-4-4-9-10-10-10-10-10-10-10-10-10-12-12-21-22-22-4-1-1
10,2,9,0-0-1-1-1-1-1-1-1-1-1-1-11-13-13-1-1-1-1-1-1-1-1-1-1-1-1
10,2,9,0-1-2-2-2-2-2-2-2-2-2-2-0-0-0-2-1-1-1-1-1-1-1-1-1-2-26
10,2,9,0-1-2-3-4-4-4-7-8-9-9-8-12-12-14-15-15-15-15-14-14-15-15-15-12-0-0
10,2,9,0-0-2-3-4-5-5-5-5-5-5-11-12-12-12-12-12-12-12-12-12-12-12-12-12-25-26
10,2,9,0-1-2-3-4-5-5-5-5-5-10-11-11-1-1-15-15-15-15-15-15-15-15-15-15-14-14
10,2,9,0-0-2-2-2-2-2-2-2-2-2-2-2-0-2-15-2-2-2-2-2-2-2-2-2-14-14
10,2,9,0-0-2-3-4-4-6-7-8-9-9-9-11-8-11-15-9-10-10-10-10-15-15-15-15-15-15
10,2,10,0-1-1-1-1-1-1-1-1-1-1-1-10-3-2-2-2-2-2-2-2-2-2-2-2-1-13
10,2,10,0-1-2-3-4-5-5-5-5-5-10-11-2-2-2-3-2-2-2-2-2-2-2-2-2-13-13
10,2,10,0-0-1-1-1-1-1-1-1-1-1-1-12-13-1-0-1-1-1-1-1-1-1-1-1-1-1
10,2,10,0-0-1-1-1-1-1-1-1-1-1-1-2-6-2-1-1-1-1-1-1-1-1-1-1-1-26
10,2,10,0-0-1-1-1-1-1-1-1-1-1-1-12-3-4-1-1-1-1-1-1-1-1-1-1-1-4
10,2,10,0-0-2-3-3-3-3-3-3-3-3-3-5-6-5-2-2-2-2-2-2-2-2-2-2-25-26
10,2,10,0-0-1-1-1-1-1-1-1-1-1-1-2-2-4-12-12-12-12-12-12-13-13-13-13-12-12
10,2,10,0-0-2-3-4-5-5-5-5-5-5-5-12-11-12-11-5-5-5-5-5-5-5-5-5-25-25
10,2,10,0-0-1-1-1-1-1-1-1-1-1-1-2-9-5-1-1-1-1-1-1-1-1-1-1-25-26
10,2,10,0-1-2-2-2-2-2-2-2-2-2-2-2-8-12-2-2-2-2-2-5-2-2-2-2-25-26
10,2,10,0-1-2-3-4-4-3-3-3-4-4-11-10-4-4-15-4-4-4-4-4-3-4-4-0-15-1
10,2,10,0-0-2-3-4-5-6-6-6-6-6-7-11-11-4-9-11-11-11-5-5-5-5-5-5-0-0
10,2,11,0-0-2-2-2-2-2-2-2-2-2-0-8-0-2-10-3-3-3-2-2-3-3-3-2-25-26
10,2,11,0-1-2-2-2-1-1-1-1-1-1-1-2-2-2-2-2-2-2-2-2-2-2-2-2-25-26
10,2,11,0-0-2-3-4-5-6-5-5-5-5-5-6-12-7-15-6-6-6-6-5-6-6-23-24-12-12
10,2,11,0-0-2-3-3-3-3-3-3-3-3-3-3-6-5-2-2-2-2-2-2-2-2-2-3-25-26
10,2,11,0-1-0-0-0-0-0-0-0-0-0-0-0-0-2-7-0-0-0-7-8-0-0-0-7-25-26
10,2,11,0-1-2-3-4-4-4-4-4-4-4-1-8-2-2-12-2-2-2-2-2-2-2-2-2-13-13
10,2,11,0-1-1-1-1-2-2-1-1-1-1-1-2-2-3-2-2-2-2-2-2-2-2-2-2-25-26
10,2,11,0-1-2-2-2-1-1-6-6-1-1-1-4-1-2-11-2-2-2-1-2-1-1-1-2-25-26
10,2,11,0-0-2-3-4-4-4-4-4-4-4-4-0-0-0-4-2-2-2-4-4-2-4-4-4-25-26
10,2,11,0-1-1-1-2-2-2-1-1-1-1-1-2-0-2-2-2-2-2-2-2-1-1-2-1-25-26
10,2,11,0-1-1-1-4-5-6-7-7-7-7-7-6-2-2-7-7-7-7-7-7-7-7-7-7-25-25
10,2,11,0-0-0-0-0-0-0-0-0-0-0-0-0-1-1-0-0-0-0-0-0-0-0-0-0-12-12
10,3,0,0-1-1-1-1-1-1-1-1-1-1-1-12-12-12-2-13-13-13-13-13-13-13-13-13-13-15
10,3,0,0-0-2-2-2-2-2-2-2-2-2-2-1-1-0-2-2-2-2-2-2-2-2-2-2-2-1
10,3,0,0-0-1-1-1-1-1-1-1-1-1-1-12-12-12-2-13-13-13-13-13-13-13-13-13-13-26
10,3,0,0-0-1-1-1-1-1-1-1-1-1-1-0-0-13-2-1-1-1-1-1-1-1-1-1-1-26
10,3,0,0-0-1-1-1-1-1-1-1-1-1-1-12-13-13-2-1-1-1-1-1-1-1-1-1-1-0
10,3,0,0-1-1-1-1-1-1-1-1-1-1-1-0-1-0-2-1-1-1-1-1-1-1-1-1-1-14
10,3,0,0-0-1-1-1-1-1-1-1-1-1-1-1-1-1-2-14-14-14-14-14-14-14-14-14-14-1
10,3,0,0-1-1-1-1-1-1-1-1-1-1-1-0-13-14-2-13-13-13-13-13-13-13-13-13-13-26
10,3,0,0-0-0-0-0-0-0-0-0-0-0-0-12-13-13-2-15-15-15-15-15-15-15-15-15-15-12
10,3,0,0-0-1-1-1-1-1-1-1-1-1-1-0-12-1-2-14-14-14-14-14-14-14-14-14-14-26
10,3,0,0-1-0-0-0-0-0-0-0-0-0-0-12-13-14-2-14-14-14-14-14-14-14-14-14-14-26
10,3,0,0-0-1-1-1-1-1-1-1-1-1-1-1-12-13-2-1-1-1-1-1-1-1-1-1-1-14
10,3,1,0-0-0-0-4-5-6-7-8-8-8-8-0-13-14-7-13-13-13-13-13-13-13-13-13-13-13
10,3,1,0-1-2-2-4-5-6-7-7-7-7-7-12-0-1-2-13-13-13-13-13-13-13-13-13-13-13
10,3,1,0-0-2-3-4-2-2-2-2-0-0-0-12-1-13-13-14-14-13-13-13-14-14-14-13-13-13
10,3,1,0-0-2-2-2-2-2-2-2-2-2-2-12-13-13-13-13-13-14-14-14-13-13-13-13-13-13
10,3,1,0-0-0-0-0-0-0-0-0-0-0-0-12-12-13-5-13-13-13-13-13-13-13-13-13-13-15
10,3,1,0-0-2-3-1-1-1-1-1-1-1-1-0-12-13-15-12-12-12-12-12-12-12-12-12-12-13
10,3,1,0-0-0-0-0-0-0-0-0-0-0-0-4-4-1-8-0-0-0-0-0-0-0-0-0-0-14
10,3,1,0-0-2-3-4-5-5-5-8-9-10-10-5-5-14-10-14-14-14-14-14-14-14-14-14-14-13
10,3,1,0-1-0-0-0-0-0-0-0-0-0-0-2-12-1-3-15-15-15-15-15-15-15-15-15-15-15
10,3,1,0-0-2-2-2-2-2-2-2-2-2-2-12-12-1-9-1-1-1-1-1-1-1-1-1-1-12
10,3,1,0-0-2-3-1-1-1-4-1-1-1-1-12-13-13-15-14-14-14-14-14-14-14-14-14-14-12
10,3,1,0-0-2-2-2-2-2-2-2-2-2-2-1-12-14-12-12-12-12-12-12-12-12-12-12-12-12
10,3,2,0-0-0-0-0-0-0-0-0-0-0-0-0-0-0-0-0-0-0-0-0-0-0-0-0-0-0
10,3,2,0-0-2-2-2-2-2-2-2-2-2-2-11-12-13-5-12-12-12-12-12-12-12-12-12-12-12
10,3,2,0-0-2-2-1-1-1-1-1-1-1-1-12-12-14-12-1-1-1-1-1-1-0-0-0-1-1
10,3,2,0-0-1-1-1-1-1-1-1-1-1-1-12-12-12-15-14-14-14-14-14-14-14-14-14-14-14
10,3,2,0-1-2-3-4-5-6-7-8-9-10-11-0-13-1-15-12-12-12-12-12-12-12-12-12-12-13
10,3,2,0-0-2-3-4-4-1-1-1-1-1-1-12-12-1-15-1-1-1-1-1-1-1-1-1-1-1
10,3,2,0-0-2-3-4-5-5-5-6-6-2-2-2-1-1-3-2-2-2-2-2-2-2-2-2-2-1
10,3,2,0-0-0-1-1-1-1-1-1-1-1-1-1-1-1-15-1-1-1-1-1-1-1-1-1-1-1
10,3,2,0-0-1-1-1-1-1-1-1-1-1-1-12-13-11-12-13-13-13-13-13-13-13-13-13-13-13
10,3,2,0-0-2-3-3-3-3-3-3-2-2-2-12-0-14-13-14-14-14-14-14-14-14-14-14-14-1
10,3,2,0-1-2-3-4-5-5-5-5-9-10-11-2-0-0-15-13-13-13-13-13-13-13-13-13-13-2
10,3,2,0-1-2-3-4-4-4-7-8-9-9-9-12-11-2-2-4-4-4-4-3-3-3-3-3-3-13
10,3,3,0-0-2-3-4-5-4-4-4-4-4-4-12-12-1-4-13-13-13-13-13-13-13-13-13-13-13
10,3,3,0-0-2-2-2-2-2-2-2-2-2-2-12-12-12-12-12-12-12-12-12-12-12-12-12-12-12
10,3,3,0-1-2-3-4-5-6-7-7-7-7-11-1-1-1-6-15-15-15-15-15-15-15-6-6-6-5
10,3,3,0-1-2-3-4-5-6-6-6-6-6-7-0-0-0-6-13-13-13-13-13-7-13-13-13-13-2
10,3,3,0-0-2-3-4-5-6-6-6-6-6-6-1-1-1-12-12-12-12-12-12-12-12-12-12-12-12
10,3,3,0-0-2-0-0-0-6-0-0-0-0-0-1-2-14-0-0-0-0-0-0-0-0-0-0-0-14
10,3,3,0-0-2-3-4-5-6-7-8-9-10-10-12-13-13-2-1-1-1-13-13-1-1-1-1-13-1
10,3,3,0-1-2-2-1-5-2-2-2-9-10-11-11-3-1-5-1-1-1-1-1-1-1-1-1-1-1
10,3,3,0-0-2-3-4-4-4-4-4-4-4-4-4-3-14-5-12-12-12-12-12-12-12-12-12-12-1
10,3,3,0-0-2-3-4-5-6-7-8-8-8-11-12-12-0-6-12-12-12-12-12-12-12-12-12-12-12
10,3,3,0-1-2-1-1-1-1-1-1-1-1-1-12-13-1-12-12-12-12-1-1-12-12-12-12-1-12
10,3,3,0-1-2-3-4-5-6-6-6-6-5-6-12-5-12-12-12-12-12-12-12-12-12-12-12-12-12
10,3,4,0-0-2-3-4-5-5-5-5-5-10-11-12-12-9-3-15-15-15-15-15-15-15-15-1-1-2
10,3,4,0-0-0-0-0-1-1-1-0-0-1-1-12-1-12-2-14-14-14-14-14-14-14-14-14-14-13
10,3,4,0-0-2-3-4-5-5-7-8-9-10-10-10-1-1-10-15-15-15-15-15-15-15-15-15-15-15
10,3,4,0-0-0-0-4-5-5-5-5-5-5-5-6-6-11-6-6-6-6-12-12-6-6-6-6-12-12
10,3,4,0-0-0-0-1-1-1-1-1-1-1-1-7-7-7-12-15-15-15-1-1-15-15-15-15-1-0
10,3,4,0-1-2-3-4-3-3-3-8-9-9-9-0-1-1-14-14-14-14-13-13-13-14-14-14-13-1
10,3,4,0-1-2-3-4-5-5-7-8-9-10-10-12-10-10-15-15-15-15-15-15-15-15-15-15-15-9
10,3,4,0-1-2-3-4-5-5-5-5-5-5-5-0-0-11-5-11-11-1-1-1-1-1-1-1-1-1
10,3,4,0-0-2-2-2-2-2-2-2-2-2-2-1-13-1-12-13-12-13-13-13-13-13-13-13-1-1
10,3,4,0-1-2-3-3-3-3-3-3-3-3-3-3-3-1-15-2-2-2-1-1-2-2-2-1-1-1
10,3,4,0-0-2-3-4-5-6-7-8-9-10-10-0-13-13-12-12-12-12-12-12-12-12-12-12-12-12
10,3,4,0-1-1-1-1-1-1-1-1-1-1-1-12-13-14-11-1-1-1-12-12-12-12-12-12-12-1
10,3,5,0-0-2-3-4-5-5-5-5-5-10-11-11-10-11-11-16-17-17-17-18-21-22-23-23-23-21
10,3,5,0-1-2-3-4-5-5-5-8-9-10-11-12-12-12-15-15-15-15-15-15-15-15-15-15-15-15
10,3,5,0-0-2-3-4-5-6-7-6-6-6-7-0-0-0-7-15-15-15-15-15-15-15-15-15-15-15
10,3,5,0-0-2-3-4-5-6-7-8-9-10-11-1-13-1-15-12-12-12-12-12-12-12-12-12-13-13
10,3,5,0-1-2-3-4-5-6-7-8-9-10-11-12-13-13-12-12-12-12-12-12-12-12-12-12-15-0
10,3,5,0-0-2-3-4-5-5-5-5-5-5-5-0-12-12-5-12-12-12-5-5-12-12-12-12-5-11
10,3,5,0-1-2-2-2-2-6-7-7-9-10-11-1-13-13-11-1-1-13-13-13-13-1-1-1-13-13
10,3,5,0-0-2-3-4-4-4-4-4-4-4-4-4-4-1-4-15-15-15-15-4-4-15-0-15-15-3
10,3,5,0-1-2-3-4-5-6-7-8-9-10-11-12-12-14-14-14-14-14-14-14-14-14-14-14-14-14
10,3,5,0-0-2-2-2-2-2-7-8-8-10-11-1-1-1-12-12-12-12-12-12-12-12-12-12-12-12
10,3,5,0-0-2-3-4-5-6-7-7-7-10-11-11-13-13-14-14-14-14-14-14-14-14-14-14-14-14
10,3,5,0-0-2-3-4-5-6-7-8-9-10-11-12-12-13-13-13-13-13-13-13-13-13-13-13-13-13
10,3,6,0-1-2-3-4-4-6-7-8-9-9-9-11-0-0-15-15-15-15-19-19-19-19-19-19-25-19
10,3,6,0-1-2-3-4-5-5-5-5-5-5-5-12-1-1-12-12-12-12-12-1-12-12-12-12-1-0
10,3,6,0-1-2-3-4-5-6-7-8-9-10-11-12-1-14-12-12-12-12-13-13-12-12-12-12-13-14
10,3,6,0-1-2-3-4-5-5-5-5-5-10-11-1-1-1-11-5-5-5-19-19-5-5-5-19-19-14
10,3,6,0-1-2-3-4-5-6-6-6-6-6-6-0-0-0-2-2-2-2-2-2-2-2-2-2-2-2
10,3,6,0-1-2-3-4-5-5-5-8-9-10-10-12-7-7-10-16-12-12-18-18-18-18-18-18-8-8
10,3,6,0-1-2-2-2-2-2-2-2-2-2-2-12-13-2-13-13-13-2-13-13-2-2-2-2-2-2
10,3,6,0-1-2-2-2-2-2-2-2-2-2-2-0-13-13-15-0-0-0-0-0-0-0-0-0-0-0
10,3,6,0-0-2-3-4-3-3-3-3-3-3-3-1-1-1-4-2-2-2-2-2-2-2-2-2-2-2
10,3,6,0-1-2-3-4-4-4-7-8-9-9-9-12-13-13-13-13-13-13-13-13-13-13-13-13-13-13
10,3,6,0-1-2-3-4-4-6-7-8-9-10-10-12-11-1-15-15-15-15-15-15-15-15-15-15-15-15
10,3,6,0-1-2-3-4-5-5-5-5-5-5-6-11-13-11-12-15-15-15-15-15-15-15-15-15-15-15
10,3,7,0-1-2-3-4-4-4-4-4-4-4-4-9-9-4-4-3-3-3-3-3-3-3-3-3-4-4
10,3,7,0-1-2-3-4-4-4-4-4-4-4-0-12-0-0-13-0-0-1-1-0-0-0-0-0-14-1
10,3,7,0-1-2-3-4-5-6-7-8-9-10-10-12-1-14-12-14-14-14-12-20-21-21-21-21-25-25
10,3,7,0-1-2-3-4-5-6-7-8-9-10-11-12-12-12-11-12-12-12-12-12-12-12-12-12-12-12
10,3,7,0-0-2-3-4-5-6-7-8-9-10-10-10-12-6-15-15-15-15-15-15-15-15-15-23-24-26
10,3,7,0-1-2-3-4-5-5-5-5-4-4-4-3-3-2-3-3-3-3-2-2-2-2-3-3-2-3
10,3,7,0-0-2-3-4-5-2-2-2-2-2-2-1-12-12-1-0-1-1-0-0-0-1-1-1-12-0
10,3,7,0-1-2-2-1-1-1-1-1-1-1-1-12-12-12-13-13-13-13-13-13-13-13-13-13-13-12
10,3,7,0-0-2-3-4-5-6-7-8-9-10-11-11-11-0-11-15-13-13-13-13-13-13-13-13-13-1
10,3,7,0-1-2-3-4-5-6-6-6-6-6-11-0-0-14-11-14-14-14-14-14-14-14-14-14-14-14
10,3,7,0-1-2-3-4-5-5-5-5-5-2-2-11-13-12-5-13-13-13-13-13-13-13-13-13-13-13
10,3,7,0-0-2-3-4-5-6-7-7-9-10-11-6-7-12-15-15-15-15-15-15-15-15-15-15-15-15
10,3,8,0-1-2-3-4-5-5-5-5-5-10-11-11-11-11-11-5-5-11-11-20-11-11-11-20-25-26
10,3,8,0-0-2-3-4-5-6-7-8-9-10-11-12-13-14-11-11-11-11-11-20-11-11-11-20-25-26
10,3,8,0-1-2-3-4-5-6-7-7-7-7-11-7-6-11-11-11-11-11-11-20-11-11-11-11-25-26
10,3,8,0-1-2-3-4-5-5-5-5-9-10-11-4-3-4-4-15-15-15-4-4-15-15-15-15-4-3
10,3,8,0-1-2-3-4-4-4-4-4-4-2-2-11-11-13-11-11-11-11-2-1-12-12-12-2-1-1
10,3,8,0-1-2-3-4-4-4-4-4-9-10-10-4-3-11-10-12-12-12-14-14-12-12-12-14-14-14
10,3,8,0-0-2-2-2-2-2-2-2-2-2-2-6-7-11-3-4-4-4-10-8-4-4-4-4-9-9
10,3,8,0-0-2-3-4-5-6-6-6-9-10-11-4-12-14-11-11-11-11-19-20-20-20-20-20-25-26
10,3,8,0-0-2-3-4-5-5-5-5-5-5-5-11-7-11-11-0-0-5-14-13-0-0-6-13-13-13
10,3,8,0-1-2-3-4-4-4-4-4-4-4-4-4-4-4-4-4-4-4-4-20-4-4-4-15-25-26
10,3,8,0-0-2-3-4-5-5-1-1-1-1-1-0-0-14-3-1-1-1-4-12-2-2-3-4-25-26
10,3,8,0-1-2-3-3-3-3-3-3-3-3-3-11-6-11-5-5-4-4-1-1-5-5-3-1-1-1
10,3,9,0-0-2-3-4-5-6-7-7-7-7-7-8-8-8-12-12-12-12-12-12-12-12-12-12-1-1
10,3,9,0-0-2-3-4-5-6-7-7-9-10-11-6-6-6-11-11-11-11-11-11-11-11-11-11-25-26
10,3,9,0-0-2-3-4-4-4-4-8-9-9-9-9-9-9-12-12-12-12-12-12-12-12-12-12-14-13
10,3,9,0-0-2-3-4-4-4-7-8-9-9-9-12-13-14-10-9-9-9-9-9-9-9-9-9-10-2
10,3,9,0-0-2-3-4-5-5-5-5-5-5-5-6-12-12-6-6-6-6-5-5-6-6-6-5-1-1
10,3,9,0-0-2-3-4-5-6-6-6-9-10-11-5-13-13-11-11-11-11-11-6-13-13-11-5-1-1
10,3,9,0-1-2-3-4-5-5-7-8-8-8-8-3-3-14-4-3-3-3-4-5-3-3-3-4-20-20
10,3,9,0-1-2-3-4-5-6-7-7-7-7-6-12-12-14-12-12-12-12-12-14-12-12-12-14-0-0
10,3,9,0-0-2-3-4-5-6-6-6-6-10-11-11-12-12-11-12-12-12-12-12-12-12-12-12-25-25
10,3,9,0-1-2-3-4-4-4-4-8-9-10-10-10-5-5-15-4-4-4-4-11-4-4-4-4-24-24
10,3,9,0-0-2-3-3-2-2-2-2-2-2-2-5-5-3-4-3-2-2-0-0-2-2-2-0-14-14
10,3,9,0-0-2-3-4-5-5-5-8-8-8-8-8-8-2-3-3-3-3-2-2-2-2-2-2-0-0
10,3,10,0-1-2-3-4-5-6-7-8-7-10-11-11-7-4-15-16-16-18-19-19-19-19-19-19-13-13
10,3,10,0-1-2-3-4-5-6-7-7-6-7-7-2-2-2-11-3-3-3-2-13-3-3-3-1-13-13
10,3,10,0-0-2-3-4-4-4-4-4-4-4-4-7-11-6-11-9-9-9-11-11-9-9-9-9-1-1
10,3,10,0-0-1-1-1-1-1-1-1-1-1-1-5-12-5-2-2-2-1-1-1-1-1-1-1-1-26
10,3,10,0-0-1-1-1-1-1-1-1-1-1-1-9-9-9-1-1-1-1-1-1-1-1-1-1-5-5
10,3,10,0-0-2-3-3-3-3-3-3-2-2-2-4-4-2-3-2-2-2-2-2-2-2-2-2-25-26
10,3,10,0-0-2-3-4-4-4-4-4-4-4-4-4-3-3-5-4-4-4-4-4-4-4-4-4-13-12
10,3,10,0-0-2-3-4-5-5-6-6-5-10-11-10-1-12-13-13-13-13-12-12-12-12-12-12-25-26
10,3,10,0-0-2-3-4-3-3-3-4-5-5-2-5-11-8-12-2-2-2-2-20-2-2-2-24-25-26
10,3,10,0-1-2-2-2-2-2-2-2-2-2-2-2-12-12-5-2-2-2-2-20-2-2-2-20-25-26
10,3,10,0-1-2-3-3-3-3-2-2-2-2-2-11-4-14-5-2-2-2-2-0-2-2-0-0-14-1
10,3,10,0-0-2-3-4-5-6-7-8-9-10-11-11-7-7-11-15-11-11-11-6-17-11-11-6-0-0
10,3,11,0-0-2-3-4-5-6-6-6-6-10-11-4-3-5-12-15-15-13-19-20-13-13-13-24-25-26
10,3,11,0-1-2-3-4-5-6-7-7-7-7-7-2-2-2-8-2-2-2-2-20-2-2-2-20-25-26
10,3,11,0-0-2-2-2-2-2-2-2-2-2-2-3-12-11-7-2-2-2-12-14-2-2-2-2-12-12
10,3,11,0-0-1-1-1-1-1-2-2-2-2-2-11-11-11-15-2-2-2-2-2-2-2-2-2-25-26
10,3,11,0-1-1-1-1-1-1-1-1-1-1-1-2-2-3-4-2-2-2-2-2-2-2-2-2-25-26
10,3,11,0-1-1-1-1-1-1-1-1-1-1-1-3-2-2-10-2-2-2-2-2-2-2-2-2-13-14
10,3,11,0-1-1-1-1-1-1-1-1-1-1-1-12-3-2-12-1-1-1-1-15-1-1-15-15-25-26
10,3,11,0-1-2-2-2-2-2-2-2-2-2-2-2-2-2-3-2-2-2-2-2-2-2-2-2-25-26
10,3,11,0-0-2-3-4-5-5-7-8-9-10-10-0-1-0-5-2-2-3-19-20-3-3-4-20-25-26
10,3,11,0-1-2-2-2-2-0-0-0-0-0-0-0-0-0-2-0-0-0-0-0-0-0-0-0-25-25
10,3,11,0-1-1-1-1-1-1-1-1-1-1-1-2-6-6-2-2-2-2-1-1-2-2-2-1-25-26
10,3,11,0-0-2-2-2-2-2-2-2-2-0-2-1-1-6-2-2-2-2-2-1-2-2-2-0-12-12
10,4,0,0-1-0-0-0-0-0-0-0-0-0-0-12-12-12-2-0-0-0-0-0-0-0-0-0-0-15
10,4,0,0-0-1-1-1-1-1-1-1-1-1-1-2-1-0-2-15-15-15-15-15-15-15-15-15-15-1
10,4,0,0-0-2-2-2-2-2-2-2-2-2-2-12-12-12-2-2-2-2-2-2-2-2-2-2-2-26
10,4,0,0-0-0-0-0-0-0-0-0-0-0-0-0-0-13-2-12-12-12-12-12-12-12-12-12-12-2
10,4,0,0-0-1-1-1-1-1-1-1-1-1-1-12-13-13-2-14-14-14-14-14-14-14-14-14-14-0
10,4,0,0-1-1-1-1-1-1-1-1-1-1-1-0-1-0-2-13-13-13-13-13-13-13-13-13-13-14
10,4,0,0-0-1-1-1-1-1-1-1-1-1-1-1-1-1-2-13-13-13-13-13-13-13-13-13-13-1
10,4,0,0-1-1-1-1-1-1-1-1-1-1-1-0-13-14-2-1-1-1-1-1-1-1-1-1-1-26
10,4,0,0-0-1-1-1-1-1-1-1-1-1-1-2-13-13-2-1-1-1-1-1-1-1-1-1-1-12
10,4,0,0-0-0-0-0-0-0-0-0-0-0-0-2-12-1-2-0-0-0-0-0-0-0-0-0-0-26
10,4,0,0-1-1-1-1-1-1-1-1-1-1-1-12-13-14-2-13-13-13-13-13-13-13-13-13-13-26
10,4,0,0-0-2-2-2-2-2-2-2-2-2-2-1-12-13-2-14-14-14-14-14-14-14-14-14-14-14
10,4,1,0-0-0-0-4-5-5-1-1-1-1-1-12-13-14-9-13-12-12-12-12-12-12-12-12-12-13
10,4,1,0-1-2-3-4-5-6-7-7-7-7-7-12-0-1-2-14-14-14-14-14-14-14-14-14-14-12
10,4,1,0-0-2-2-2-5-6-6-6-6-6-6-12-1-13-6-12-12-12-12-12-12-12-12-12-12-13
10,4,1,0-0-2-2-4-0-0-0-0-0-0-0-12-13-13-13-13-13-13-13-13-13-13-13-13-13-13
10,4,1,0-0-2-2-2-2-2-2-2-2-2-2-12-12-13-2-2-2-2-2-2-2-2-2-2-2-15
10,4,1,0-0-2-3-4-5-6-1-1-6-6-0-4-13-13-2-12-12-12-12-12-12-12-12-12-12-13
10,4,1,0-0-0-0-0-0-0-0-0-0-0-0-11-10-1-2-13-13-13-13-13-13-13-13-13-13-13
10,4,1,0-0-2-2-2-2-2-7-8-8-8-8-2-2-14-2-14-14-14-14-14-14-14-14-14-14-14
10,4,1,0-1-2-3-4-5-6-7-8-9-10-11-1-12-1-11-15-15-15-15-15-15-15-15-15-15-15
10,4,1,0-0-2-3-4-5-6-7-8-9-10-10-12-12-1-8-14-14-14-14-14-14-14-14-14-14-14
10,4,1,0-0-1-2-3-3-1-1-1-1-1-1-12-13-13-9-14-14-14-13-14-14-14-14-14-13-15
10,4,1,0-0-2-2-2-2-2-2-2-2-2-2-8-12-14-2-12-12-12-1-1-1-1-1-1-1-13
10,4,2,0-0-2-3-3-3-3-3-5-3-3-0-0-0-0-12-0-0-0-0-0-0-0-0-0-0-0
10,4,2,0-0-2-3-4-5-6-6-6-6-6-6-2-2-9-6-12-12-12-12-12-12-12-12-12-12-12
10,4,2,0-0-2-2-4-5-6-7-7-7-7-7-12-12-1-13-1-1-12-12-12-12-1-1-12-12-1
10,4,2,0-0-2-3-4-5-6-6-6-6-6-6-12-12-12-13-12-12-12-12-12-12-12-12-12-12-14
10,4,2,0-1-1-1-2-2-2-1-1-1-1-2-0-0-1-15-14-14-14-14-14-1-1-14-14-14-1
10,4,2,0-0-2-1-1-1-1-1-1-1-1-1-12-12-1-15-14-14-13-13-13-13-13-13-13-13-15
10,4,2,0-0-2-2-2-2-6-0-0-0-0-0-2-1-1-15-0-0-0-0-0-0-0-0-0-0-1
10,4,2,0-0-2-3-4-5-6-6-6-6-6-6-12-1-12-13-13-13-13-13-13-13-13-13-13-13-13
10,4,2,0-0-2-1-4-4-1-1-1-1-1-1-12-13-1-2-12-12-12-12-12-12-12-12-12-12-1
10,4,2,0-0-2-3-3-3-2-3-3-2-2-2-12-0-14-13-13-13-13-13-13-13-13-13-13-13-13
10,4,2,0-1-2-2-4-5-6-6-6-6-6-6-12-12-0-8-12-12-12-12-12-12-12-12-12-12-2
10,4,2,0-1-2-3-4-5-6-7-7-7-7-7-8-2-1-14-12-12-12-12-12-12-12-12-12-12-12
10,4,3,0-0-2-3-4-4-6-6-6-6-10-11-12-12-1-15-14-14-14-14-14-14-14-14-14-14-13
10,4,3,0-0-2-2-2-2-2-2-2-2-2-2-12-12-12-12-12-12-12-12-12-12-12-12-12-12-12
10,4,3,0-1-2-3-3-4-4-4-4-9-10-10-12-1-6-2-14-14-14-14-14-14-14-14-14-14-2
10,4,3,0-1-2-2-2-2-2-2-2-2-2-2-0-0-4-9-14-14-14-14-14-14-14-14-14-14-0
10,4,3,0-0-2-3-4-5-4-4-4-1-1-1-1-1-1-15-1-1-1-1-1-1-1-1-1-1-1
10,4,3,0-0-2-3-4-5-6-6-5-5-4-4-1-1-14-0-0-0-0-0-0-0-0-0-0-0-0
10,4,3,0-0-2-2-2-0-0-0-0-0-0-0-12-13-13-2-13-13-13-13-13-13-13-13-13-13-13
10,4,3,0-1-2-2-2-2-2-2-8-8-8-2-2-2-1-2-1-1-1-1-1-1-1-1-1-1-1
10,4,3,0-0-2-2-2-2-2-2-8-8-8-8-2-2-14-8-13-13-13-1-1-13-13-13-13-1-1
10,4,3,0-0-2-3-4-5-5-5-5-5-10-11-3-12-12-15-15-15-15-15-15-15-15-11-10-15-15
10,4,3,0-1-2-2-4-5-6-6-6-6-6-6-12-1-1-15-13-13-13-13-13-13-13-13-13-13-12
10,4,3,0-1-1-1-1-1-1-1-1-1-1-1-12-12-12-12-12-12-12-12-12-12-12-12-12-12-12
10,4,4,0-0-2-3-4-5-6-7-8-8-8-8-12-12-14-13-14-14-18-18-18-14-14-14-14-23-14
10,4,4,0-0-2-2-2-2-2-7-8-8-8-8-12-1-13-12-13-13-13-13-13-13-13-13-13-13-13
10,4,4,0-0-2-3-4-5-6-7-8-9-10-11-11-1-1-12-16-16-15-15-15-21-21-21-21-15-15
10,4,4,0-0-2-3-4-5-6-7-7-7-7-7-0-1-1-11-16-17-18-18-18-21-21-21-21-21-18
10,4,4,0-0-2-2-2-2-2-2-2-2-2-2-10-10-2-11-2-2-2-2-2-2-2-2-2-2-3
10,4,4,0-1-2-2-2-2-2-7-8-8-8-8-0-1-1-12-12-14-14-13-13-12-14-14-14-13-1
10,4,4,0-1-2-2-4-5-6-7-8-7-7-7-12-8-14-7-12-12-12-14-12-12-12-12-12-14-1
10,4,4,0-1-2-2-2-2-2-2-1-1-1-1-4-11-11-13-2-2-2-1-1-1-1-1-1-1-1
10,4,4,0-0-2-3-4-5-6-7-7-0-0-0-1-13-13-13-13-13-13-13-13-13-13-13-0-0-1
10,4,4,0-1-0-0-0-0-0-0-0-0-0-0-12-1-1-0-0-0-0-0-0-0-0-0-0-0-1
10,4,4,0-0-2-2-2-2-2-2-2-2-2-2-0-13-13-2-2-2-2-12-12-2-2-2-2-12-12
10,4,4,0-1-2-1-1-1-1-1-1-1-1-1-7-13-14-8-12-12-12-12-12-12-12-12-12-12-2
10,4,5,0-0-2-3-4-5-5-5-8-9-10-11-0-4-14-10-16-17-18-18-18-21-22-23-24-24-24
10,4,5,0-1-2-3-4-5-5-5-5-9-10-11-12-10-12-15-15-15-15-15-15-15-15-15-15-15-1
10,4,5,0-0-2-2-2-2-3-3-3-2-2-3-0-0-0-10-16-17-17-17-17-17-17-17-17-17-15
10,4,5,0-0-2-2-2-5-6-7-7-7-7-7-1-13-1-12-13-13-13-13-13-13-13-13-13-13-13
10,4,5,0-1-1-1-1-5-6-7-7-1-1-1-12-13-13-0-13-13-13-13-13-13-13-13-13-14-0
10,4,5,0-0-2-2-4-5-5-7-8-7-7-11-0-12-12-7-5-5-5-5-5-5-5-5-5-5-5
10,4,5,0-1-2-2-2-2-2-2-2-2-2-2-12-13-13-13-13-13-13-13-13-13-13-13-13-13-13
10,4,5,0-0-2-2-2-2-2-2-2-2-2-2-2-2-2-2-2-2-2-2-2-2-2-2-2-2-3
10,4,5,0-1-2-3-3-3-6-7-8-8-8-8-12-13-14-14-14-14-14-14-14-14-14-14-14-14-14
10,4,5,0-0-2-2-2-2-2-2-2-2-2-2-1-1-1-12-12-12-12-12-12-12-12-12-12-12-12
10,4,5,0-0-2-3-3-3-4-4-5-5-5-5-8-13-13-13-13-13-13-13-13-13-13-13-13-13-13
10,4,5,0-0-2-3-4-5-6-7-8-9-10-11-12-12-13-15-15-15-15-15-15-15-15-15-15-23-13
10,4,6,0-1-2-2-2-2-2-2-8-9-9-9-1-0-0-8-16-16-16-19-19-19-19-19-19-19-2
10,4,6,0-1-2-3-4-5-6-7-7-7-7-7-12-1-1-8-12-12-12-12-12-12-12-12-12-12-1
10,4,6,0-1-2-3-3-5-6-7-8-9-9-9-12-2-14-14-14-14-14-14-14-14-14-14-14-14-14
10,4,6,0-1-2-3-3-5-6-7-8-9-9-11-2-1-1-9-11-11-11-9-9-9-9-9-9-14-14
10,4,6,0-1-2-2-2-2-2-2-2-2-2-2-0-0-0-12-12-12-12-12-12-12-12-12-12-12-12
10,4,6,0-1-2-3-4-5-6-6-6-6-6-6-12-5-6-15-6-6-12-12-6-6-6-6-6-6-2
10,4,6,0-1-2-2-2-2-2-2-2-2-2-2-12-13-12-12-12-12-12-13-13-12-12-12-2-13-2
10,4,6,0-1-2-2-2-2-2-2-2-2-2-2-0-0-0-2-2-2-2-2-2-2-2-2-2-2-2
10,4,6,0-0-2-3-3-3-3-3-8-9-10-10-4-5-1-9-4-4-4-5-5-4-4-4-4-5-6
10,4,6,0-1-2-3-3-4-4-7-8-9-9-9-11-13-13-15-15-15-15-15-15-15-15-15-15-15-15
10,4,6,0-1-2-3-4-5-6-6-6-6-6-6-12-13-1-9-15-15-15-15-15-15-3-3-3-3-3
10,4,6,0-1-2-3-4-5-5-5-5-5-5-5-1-13-13-5-4-4-4-4-4-4-4-4-4-5-5
10,4,7,0-1-2-3-3-3-3-3-3-9-10-10-3-13-1-10-9-9-9-9-9-9-9-9-9-22-22
10,4,7,0-1-2-3-4-5-6-7-7-7-7-7-6-2-2-6-2-6-6-6-6-2-2-6-6-6-2
10,4,7,0-1-2-3-3-3-3-3-8-9-9-9-9-12-12-15-16-17-18-19-20-20-20-20-24-25-25
10,4,7,0-1-2-3-3-3-3-7-8-9-9-9-12-12-12-12-12-12-12-12-12-12-12-12-12-13-12
10,4,7,0-0-2-3-4-5-6-7-7-6-7-7-10-9-9-15-15-15-15-15-15-15-15-15-15-22-2
10,4,7,0-1-2-2-2-5-6-6-6-6-6-6-3-4-4-10-2-2-2-5-5-5-5-5-2-5-2
10,4,7,0-0-2-3-4-5-6-7-8-9-10-11-11-12-12-11-16-17-18-18-18-18-18-18-18-12-12
10,4,7,0-1-2-2-2-2-2-7-8-8-8-8-12-6-8-8-7-7-12-12-12-12-22-12-12-12-12
10,4,7,0-0-2-3-2-2-2-2-2-2-2-2-2-1-0-15-2-2-2-2-2-2-2-2-2-1-1
10,4,7,0-1-2-3-4-5-6-6-7-7-6-6-1-0-14-14-14-14-14-14-14-14-14-14-14-14-14
10,4,7,0-1-2-3-3-5-6-7-7-7-7-7-11-11-12-9-7-7-7-7-7-7-7-7-7-7-13
10,4,7,0-0-2-3-4-5-6-7-7-7-10-11-11-3-3-11-5-4-4-5-5-1-1-1-1-1-1
10,4,8,0-1-2-3-3-3-3-3-3-9-10-11-11-11-11-11-2-3-11-11-11-11-3-3-11-25-26
10,4,8,0-0-2-2-2-2-2-2-2-2-2-2-12-13-14-2-2-2-2-2-14-2-2-2-14-25-26
10,4,8,0-1-2-3-4-5-6-7-8-9-10-11-11-9-9-13-9-9-9-9-20-9-9-9-9-25-26
10,4,8,0-1-2-3-3-3-3-7-8-8-8-8-9-9-8-2-2-2-2-2-2-2-12-12-2-2-2
10,4,8,0-1-2-2-2-2-6-7-8-8-8-8-8-8-13-9-12-12-12-2-2-12-12-12-2-1-1
10,4,8,0-1-2-2-2-2-2-2-2-2-2-2-9-10-11-10-3-3-9-11-11-2-2-2-16-14-14
10,4,8,0-0-2-3-3-5-6-6-6-6-6-6-6-7-7-8-2-2-2-2-2-2-2-2-2-2-2
10,4,8,0-0-2-3-4-4-4-4-4-4-4-4-3-5-3-3-3-3-3-3-3-3-3-3-3-25-26
10,4,8,0-0-2-3-4-5-5-5-6-6-6-11-11-9-11-9-2-2-2-11-11-2-2-2-11-13-13
10,4,8,0-1-2-3-4-5-5-7-8-9-10-11-10-10-10-11-11-11-11-11-11-11-11-11-24-24-26
10,4,8,0-0-2-3-4-4-4-4-8-9-2-2-2-0-14-9-2-2-2-2-2-2-2-2-2-25-26
10,4,8,0-1-2-2-2-2-2-2-2-2-2-2-9-4-10-9-4-12-12-2-1-2-2-2-1-1-1
10,4,9,0-0-2-3-3-3-3-3-3-9-9-9-2-8-2-12-12-12-12-12-12-12-12-12-12-1-1
10,4,9,0-0-2-3-4-5-6-7-7-7-10-11-8-6-2-8-11-11-11-13-20-11-11-11-20-25-26
10,4,9,0-0-2-2-2-5-6-6-6-6-6-6-8-2-2-8-2-2-2-2-6-2-2-2-2-17-13
10,4,9,0-0-2-3-3-3-6-7-8-9-9-9-2-13-14-8-3-3-8-8-3-3-3-3-9-23-10
10,4,9,0-0-2-3-4-5-6-6-6-6-6-6-3-12-12-11-6-6-6-12-12-6-6-6-12-1-1
10,4,9,0-0-2-3-4-5-6-7-1-1-1-1-2-13-14-12-12-12-12-1-1-1-12-1-1-1-1
10,4,9,0-1-2-3-3-5-6-7-7-7-7-7-7-2-7-7-7-7-7-7-7-7-7-7-24-25-22
10,4,9,0-1-2-3-3-5-6-7-8-8-8-8-12-12-14-12-12-12-12-14-14-12-12-12-14-14-14
10,4,9,0-0-2-3-4-5-6-7-7-7-7-11-12-13-12-12-12-12-12-12-12-12-12-12-12-25-26
10,4,9,0-1-2-2-2-2-2-1-1-1-1-1-2-1-1-2-1-1-1-1-1-1-1-1-1-0-14
10,4,9,0-0-2-2-2-2-2-2-2-2-2-2-3-3-3-2-3-3-3-2-2-3-3-3-3-14-14
10,4,9,0-0-2-3-4-4-4-4-8-9-10-11-11-11-2-15-2-2-2-2-0-0-0-0-0-0-0
10,4,10,0-1-2-3-4-5-6-7-7-7-10-11-12-8-8-15-6-6-11-11-11-6-6-6-6-13-12
10,4,10,0-1-2-3-3-3-3-3-3-3-3-3-2-2-2-11-2-2-2-2-2-2-2-2-2-13-13
10,4,10,0-0-2-2-2-5-6-6-2-2-1-1-12-12-13-12-12-12-12-12-12-12-12-12-12-1-14
10,4,10,0-0-2-2-2-2-2-2-2-2-2-2-2-8-2-2-2-2-2-2-2-2-2-2-2-1-26
10,4,10,0-0-1-1-1-1-1-1-1-1-1-1-12-2-10-1-1-1-1-1-1-1-1-1-1-14-2
10,4,10,0-0-2-2-2-2-2-2-2-2-2-2-3-3-2-2-2-2-2-2-2-2-2-2-2-25-26
10,4,10,0-0-2-3-3-3-3-3-3-3-3-3-5-4-5-5-5-5-5-4-5-5-5-5-4-12-12
10,4,10,0-0-2-2-2-2-2-2-2-2-2-2-3-2-12-10-1-1-1-1-1-1-1-1-1-25-26
10,4,10,0-0-2-3-4-1-1-1-1-1-1-1-3-3-0-4-1-1-1-1-1-1-1-1-1-25-26
10,4,10,0-1-2-3-4-5-6-7-8-8-8-8-12-12-12-8-1-1-1-1-7-1-1-1-7-25-26
10,4,10,0-1-2-2-2-2-0-0-0-0-0-0-11-2-14-2-0-0-0-0-0-0-0-0-0-1-1
10,4,10,0-0-2-2-2-2-2-2-1-1-1-1-6-8-1-2-2-2-2-0-0-1-2-2-1-0-0
10,4,11,0-0-2-2-2-2-2-2-2-2-2-2-2-2-5-2-1-1-1-1-1-1-1-1-1-25-26
10,4,11,0-1-2-2-2-2-2-2-2-2-2-2-2-2-2-12-2-2-2-2-2-2-2-2-2-25-26
10,4,11,0-0-2-3-4-5-6-7-7-7-7-7-1-12-10-15-16-16-12-12-12-16-16-16-16-14-12
10,4,11,0-0-0-0-0-0-0-0-8-9-9-9-12-11-11-14-13-13-13-10-9-10-10-10-10-25-25
10,4,11,0-1-0-0-0-0-6-7-7-0-0-0-2-2-2-12-2-2-2-2-2-2-2-2-2-25-26
10,4,11,0-1-2-2-2-2-2-2-2-2-2-2-2-2-2-2-1-1-1-1-1-1-1-1-1-13-13
10,4,11,0-1-1-1-1-1-1-1-1-1-1-1-12-2-3-12-1-1-1-1-1-1-1-1-1-25-26
10,4,11,0-1-2-3-3-3-3-3-3-3-3-3-4-5-3-15-3-3-3-3-3-3-3-3-3-25-26
10,4,11,0-0-2-2-2-2-2-2-1-1-1-1-1-1-0-15-1-1-1-1-1-1-1-1-1-25-26
10,4,11,0-1-2-2-2-2-6-7-8-8-8-8-8-11-7-13-2-2-2-2-2-2-2-2-2-25-26
10,4,11,0-1-0-0-0-0-0-0-0-0-0-0-11-9-10-11-2-2-2-0-0-2-2-2-2-14-26
10,4,11,0-0-2-2-2-2-2-7-7-7-7-7-1-1-11-14-16-16-12-12-12-12-12-12-12-12-12
10,5,0,0-1-0-0-0-0-0-0-0-0-0-0-12-12-12-2-12-12-12-12-12-12-12-12-12-12-15
10,5,0,0-0-2-2-2-2-2-2-2-2-2-2-1-1-0-2-2-2-2-2-2-2-2-2-2-2-1
10,5,0,0-0-1-1-1-1-1-1-1-1-1-1-12-12-12-2-15-15-15-15-15-15-15-15-15-15-26
10,5,0,0-0-1-1-1-1-1-1-1-1-1-1-0-0-13-2-12-12-12-12-12-12-12-12-12-12-26
10,5,0,0-0-0-0-0-0-0-0-0-0-0-0-12-13-13-2-13-13-13-13-13-13-13-13-13-13-2
10,5,0,0-1-0-0-0-0-0-0-0-0-0-0-0-1-0-2-14-14-14-14-14-14-14-14-14-14-14
10,5,0,0-0-2-2-2-2-2-2-2-2-2-2-1-1-1-2-14-14-14-14-14-14-14-14-14-14-1
10,5,0,0-1-1-1-1-1-1-1-1-1-1-1-0-13-14-2-15-15-15-15-15-15-15-15-15-15-26
10,5,0,0-0-1-1-1-1-1-1-1-1-1-1-2-13-13-2-1-1-1-1-1-1-1-1-1-1-12
10,5,0,0-0-2-2-2-2-2-2-2-2-2-2-0-12-1-2-14-14-14-14-14-14-14-14-14-14-26
10,5,0,0-1-0-0-0-0-0-0-0-0-0-0-12-13-14-2-12-12-12-12-12-12-12-12-12-12-26
10,5,0,0-0-1-1-1-1-1-1-1-1-1-1-1-12-13-2-1-1-1-1-1-1-1-1-1-1-14
10,5,1,0-0-1-1-1-1-0-0-0-0-0-0-12-13-14-15-13-13-13-13-13-13-13-13-13-13-15
10,5,1,0-1-2-2-2-2-2-2-2-2-2-2-12-0-1-2-14-14-14-14-14-14-14-14-14-14-12
10,5,1,0-0-2-3-4-4-4-4-4-4-4-4-11-1-12-15-16-17-17-17-17-17-18-18-18-18-13
10,5,1,0-0-2-2-2-2-2-2-2-2-2-2-11-13-13-2-14-14-14-14-14-14-14-14-14-14-13
10,5,1,0-0-1-1-1-1-1-1-1-1-1-1-12-12-13-1-15-15-15-15-15-15-15-15-15-15-12
10,5,1,0-0-2-3-4-0-0-1-1-1-1-1-0-13-13-15-13-13-13-13-13-13-13-12-12-12-13
10,5,1,0-0-0-0-0-0-0-0-0-0-0-0-12-1-1-9-13-15-15-15-13-13-13-13-15-13-14
10,5,1,0-0-2-2-2-2-2-2-2-2-2-2-2-2-14-2-14-14-14-14-14-14-14-14-14-14-13
10,5,1,0-1-2-3-3-5-6-7-7-7-7-7-1-12-1-2-15-15-15-15-15-15-15-15-15-15-15
10,5,1,0-0-2-2-2-2-2-2-2-2-2-2-12-12-1-2-12-12-12-12-12-12-12-12-12-12-12
10,5,1,0-0-1-1-1-1-1-1-1-1-1-1-12-13-13-2-12-12-12-12-12-12-12-12-12-12-13
10,5,1,0-0-2-2-2-3-3-2-2-2-10-11-12-12-14-12-12-12-12-12-12-12-12-12-12-12-12
10,5,2,0-0-1-1-1-1-1-1-1-1-1-1-0-0-0-1-0-1-1-1-1-1-1-1-1-1-0
10,5,2,0-0-0-0-0-0-0-0-0-0-0-0-2-4-13-12-12-12-12-12-12-12-12-12-12-12-12
10,5,2,0-0-1-1-1-1-1-1-1-1-1-1-12-12-1-3-1-1-1-1-1-1-1-1-1-1-1
10,5,2,0-0-2-2-2-2-2-2-2-1-1-1-12-12-12-2-12-12-12-12-12-12-12-12-12-12-14
10,5,2,0-1-2-3-4-5-5-4-4-4-4-4-0-13-1-11-4-4-4-4-4-4-4-4-4-0-0
10,5,2,0-0-1-1-1-1-1-1-1-1-1-1-12-12-1-14-15-15-15-15-15-15-15-15-15-15-15
10,5,2,0-0-2-2-2-2-2-2-2-2-2-2-2-1-1-2-1-1-1-1-1-1-1-1-1-1-2
10,5,2,0-0-1-1-1-1-1-1-1-1-1-1-1-1-12-1-1-1-1-1-1-1-1-1-1-1-1
10,5,2,0-0-2-3-4-5-5-5-4-9-9-9-8-12-0-0-12-12-12-12-12-12-12-12-12-12-13
10,5,2,0-0-2-2-2-2-2-1-1-1-1-1-12-0-14-13-13-13-13-13-13-13-13-13-13-13-0
10,5,2,0-1-2-3-4-5-6-7-8-9-10-11-8-0-0-2-11-17-18-18-18-18-18-17-17-17-2
10,5,2,0-1-2-3-4-5-6-7-8-9-0-0-2-2-1-14-0-0-0-0-0-0-0-0-0-0-1
10,5,3,0-0-1-1-4-5-6-7-7-9-10-11-12-12-1-13-13-13-13-13-13-13-13-13-13-13-13
10,5,3,0-0-2-2-4-5-6-6-6-6-6-6-2-12-13-5-12-12-12-12-12-12-12-12-12-12-2
10,5,3,0-1-2-3-3-3-3-3-3-2-2-2-4-1-1-2-12-12-12-12-12-12-12-12-12-12-2
10,5,3,0-1-2-3-3-3-6-7-8-0-0-0-0-0-0-13-13-13-13-13-13-13-13-13-13-13-1
10,5,3,0-0-2-3-4-5-6-6-6-6-6-6-1-1-1-2-15-15-15-15-15-15-15-15-15-15-2
10,5,3,0-0-2-2-2-2-2-7-8-8-8-8-1-1-14-7-8-8-8-14-14-20-20-20-20-14-14
10,5,3,0-0-2-2-2-2-2-2-2-2-2-2-12-13-13-2-1-1-1-13-13-1-1-1-1-13-13
10,5,3,0-1-1-1-1-0-0-0-0-0-0-0-12-5-1-12-1-1-1-1-1-1-1-1-1-1-1
10,5,3,0-0-2-3-4-5-6-7-8-9-9-9-11-7-14-9-13-13-13-13-13-13-13-13-13-13-13
10,5,3,0-0-2-3-3-5-6-7-7-7-7-11-12-12-0-15-12-12-12-12-12-12-12-12-12-12-0
10,5,3,0-1-2-1-1-5-1-1-1-1-1-1-12-1-1-15-12-12-12-12-12-12-12-12-12-1-1
10,5,3,0-1-2-2-4-5-6-7-8-8-8-8-12-1-12-12-12-12-12-12-12-12-12-12-12-12-12
10,5,4,0-0-2-3-3-3-2-2-8-8-2-2-12-12-2-14-14-14-14-14-14-14-14-14-14-14-2
10,5,4,0-0-0-0-0-0-0-0-0-0-0-0-12-1-13-12-14-14-13-13-13-14-14-14-14-13-13
10,5,4,0-0-2-3-4-5-6-7-8-8-8-8-11-11-1-9-7-7-7-11-11-11-11-11-11-11-11
10,5,4,0-0-2-3-4-5-6-7-8-9-10-10-3-1-1-11-12-12-12-12-12-12-12-12-12-12-12
10,5,4,0-0-2-3-2-2-2-2-2-2-2-2-3-3-3-2-2-2-2-2-2-2-2-2-2-2-2
10,5,4,0-1-2-3-3-3-3-3-3-3-3-3-1-1-1-12-12-12-12-13-13-13-13-13-13-13-1
10,5,4,0-1-2-2-2-2-2-2-2-2-2-2-12-12-2-2-12-12-12-2-2-12-12-12-2-2-1
10,5,4,0-1-1-1-1-1-1-1-1-1-1-1-5-0-5-13-1-1-1-1-1-1-1-1-1-1-1
10,5,4,0-0-0-0-0-0-0-0-0-0-0-0-1-13-1-13-0-0-0-1-1-0-0-0-0-1-1
10,5,4,0-1-2-2-2-2-2-2-2-2-2-2-5-5-2-3-2-2-2-2-2-2-2-2-2-1-1
10,5,4,0-0-2-3-4-5-5-5-5-5-5-5-0-13-13-2-2-2-2-12-12-12-2-2-2-12-12
10,5,4,0-1-1-1-1-1-1-1-1-1-0-0-2-13-14-2-0-0-0-0-0-0-0-0-0-0-0
10,5,5,0-0-2-2-3-3-3-7-8-9-9-9-11-11-13-9-9-9-9-18-18-21-21-21-24-24-26
10,5,5,0-1-2-2-2-2-2-1-1-1-1-1-12-2-12-2-14-14-14-14-0-14-14-14-0-0-1
10,5,5,0-0-2-2-2-2-2-2-2-2-2-2-0-0-0-5-11-7-7-4-4-4-4-4-4-6-8
10,5,5,0-0-2-2-2-2-2-2-2-2-2-2-1-1-1-2-2-2-2-13-13-2-2-2-2-13-13
10,5,5,0-1-2-3-4-5-5-5-5-5-5-5-0-13-13-4-4-4-4-5-5-4-4-4-4-5-16
10,5,5,0-0-2-3-3-3-3-3-3-3-3-3-0-12-12-2-15-15-15-2-2-15-15-15-15-3-4
10,5,5,0-1-1-1-1-1-1-1-1-1-1-1-1-13-13-13-13-13-13-13-13-13-13-13-13-13-13
10,5,5,0-0-0-0-0-0-0-0-0-0-0-0-2-2-1-2-15-15-15-15-15-0-15-15-12-15-1
10,5,5,0-1-2-3-4-5-6-7-8-8-8-8-12-12-14-7-8-8-18-14-14-19-20-20-19-14-14
10,5,5,0-0-2-2-2-2-2-2-2-2-2-2-7-7-1-12-12-12-12-12-12-12-12-12-12-12-12
10,5,5,0-0-2-2-2-2-2-2-2-2-2-2-9-13-13-13-13-13-13-13-13-13-13-13-13-13-14
10,5,5,0-0-2-3-4-5-6-7-7-7-10-11-12-12-13-3-13-13-13-13-13-13-13-13-13-13-13
10,5,6,0-1-2-3-4-3-3-3-3-3-3-3-0-0-0-3-2-2-2-2-2-2-2-2-2-2-2
10,5,6,0-1-2-3-4-5-6-7-8-9-10-11-9-0-1-9-12-12-12-12-12-12-12-12-12-12-1
10,5,6,0-1-2-3-4-5-6-6-6-6-6-11-12-3-14-15-16-16-16-16-16-21-21-21-20-14-14
10,5,6,0-1-2-3-3-3-3-3-8-9-9-9-3-3-1-9-9-9-9-9-9-9-9-9-3-14-14
10,5,6,0-1-2-2-2-2-2-2-2-2-2-2-0-0-0-13-13-13-13-13-13-13-13-13-13-13-12
10,5,6,0-1-2-3-4-4-4-4-4-4-4-4-11-11-11-4-12-12-12-12-12-12-12-12-12-13-0
10,5,6,0-1-2-3-3-3-3-3-3-3-3-3-8-13-13-2-2-2-2-2-2-2-2-2-2-2-2
10,5,6,0-1-2-2-2-2-2-2-2-2-2-2-0-13-13-2-0-0-0-1-0-0-0-0-0-1-0
10,5,6,0-0-2-3-4-5-5-5-4-4-4-4-1-1-1-4-4-4-4-1-1-2-4-2-1-1-1
10,5,6,0-1-2-3-3-3-3-3-3-3-3-3-12-13-13-13-14-14-14-15-15-14-14-14-14-15-15
10,5,6,0-1-2-3-4-5-6-7-8-9-10-10-10-10-10-15-16-12-12-12-12-12-12-16-12-16-16
10,5,6,0-1-2-3-4-4-4-7-8-9-9-9-1-13-11-4-10-9-9-10-10-10-10-10-10-11-25
10,5,7,0-1-2-3-3-3-3-3-3-3-9-9-12-1-1-9-4-4-4-9-9-4-4-4-9-9-8
10,5,7,0-1-2-1-1-1-1-1-1-1-1-1-6-0-0-0-1-1-1-1-1-1-1-1-1-1-1
10,5,7,0-1-2-3-4-4-4-4-4-3-3-2-12-1-12-4-4-3-3-4-16-4-4-4-4-25-26
10,5,7,0-1-2-3-4-5-6-7-7-7-7-7-12-12-12-13-12-12-12-12-12-12-13-13-13-13-13
10,5,7,0-0-2-3-4-5-6-7-8-9-10-11-11-7-2-11-11-11-11-8-8-11-11-11-8-8-8
10,5,7,0-1-2-2-4-5-5-5-5-5-5-5-0-3-2-5-2-2-2-2-2-2-2-2-2-2-2
10,5,7,0-0-2-3-4-5-6-7-7-7-7-7-12-12-12-6-6-7-7-12-12-6-6-7-7-12-12
10,5,7,0-1-2-3-3-3-3-3-3-3-3-3-12-6-12-3-3-3-3-15-15-3-3-3-15-15-16
10,5,7,0-0-2-3-3-3-3-3-3-3-3-3-2-1-0-2-2-2-2-2-0-12-2-2-12-1-1
10,5,7,0-1-2-3-4-4-5-2-2-2-1-1-1-0-14-14-14-14-14-14-14-14-14-14-14-14-14
10,5,7,0-1-2-2-2-2-2-2-2-2-2-2-12-13-13-14-14-14-14-13-13-14-14-14-14-13-13
10,5,7,0-0-2-2-2-2-2-2-2-2-2-3-2-2-2-2-2-2-2-2-2-2-2-2-2-2-2
10,5,8,0-1-2-2-2-2-2-2-2-2-2-2-11-11-9-3-2-2-2-3-3-2-2-2-3-25-25
10,5,8,0-0-2-3-3-5-6-7-8-9-9-9-12-13-14-12-13-13-13-13-13-13-13-13-13-25-26
10,5,8,0-1-2-2-2-2-2-2-2-2-2-2-2-3-2-2-2-2-2-2-2-2-2-2-2-25-26
10,5,8,0-1-2-2-2-2-2-2-2-2-2-2-2-2-2-2-13-13-13-2-2-13-13-13-13-3-2
10,5,8,0-1-2-3-4-3-3-3-3-3-2-2-5-5-4-4-4-4-4-12-12-3-4-3-2-1-1
10,5,8,0-1-2-3-3-3-3-3-3-3-3-3-11-5-11-10-5-5-5-16-14-5-5-5-16-14-14
10,5,8,0-0-2-3-3-3-3-3-3-3-3-3-4-2-4-3-3-3-3-3-3-3-3-3-3-2-1
10,5,8,0-0-2-3-4-4-6-7-8-9-10-11-10-10-9-10-10-10-10-11-11-10-10-10-11-25-26
10,5,8,0-0-2-2-2-2-2-2-6-6-6-6-2-0-14-14-2-2-2-14-14-2-2-14-14-13-13
10,5,8,0-1-2-3-4-5-6-6-8-9-10-11-10-10-10-11-11-11-11-11-18-11-22-23-24-24-24
10,5,8,0-0-2-2-2-2-2-2-2-2-2-2-7-13-14-2-2-2-2-2-2-2-2-2-2-25-26
10,5,8,0-1-2-1-1-1-1-1-1-1-1-1-11-11-0-15-15-15-15-1-1-15-15-15-15-1-1
10,5,9,0-0-2-2-2-2-2-2-2-2-1-1-2-2-2-2-2-2-2-2-1-2-2-2-1-1-1
10,5,9,0-0-2-3-4-5-6-7-8-9-10-11-7-6-3-11-7-11-11-11-20-11-11-11-11-25-26
10,5,9,0-0-2-3-4-5-6-7-7-7-7-7-5-3-13-13-12-12-12-13-13-13-13-13-13-13-13
10,5,9,0-0-2-2-2-2-2-2-2-2-2-2-2-12-14-2-2-2-2-2-2-2-2-2-2-2-0
10,5,9,0-0-2-3-4-4-4-4-4-4-4-4-9-11-10-10-10-10-10-12-12-4-4-4-4-1-1
10,5,9,0-0-2-2-2-2-2-2-2-2-2-2-2-2-7-4-2-2-2-2-2-2-2-2-2-1-1
10,5,9,0-1-2-3-4-5-6-7-8-9-10-11-3-3-2-15-15-15-15-15-15-15-15-15-15-22-22
10,5,9,0-1-2-2-0-0-0-0-0-0-0-0-12-12-14-13-12-12-12-14-14-14-14-14-14-0-0
10,5,9,0-0-2-3-4-5-6-7-8-9-10-11-12-13-12-14-11-11-11-19-20-20-20-20-20-25-26
10,5,9,0-1-2-2-2-2-2-1-1-1-1-1-6-1-2-6-1-1-1-1-1-1-1-1-1-1-25
10,5,9,0-0-2-3-3-4-4-4-4-4-4-4-2-2-2-5-2-2-2-2-2-2-2-2-2-14-14
10,5,9,0-0-2-3-4-5-6-1-1-1-1-1-8-8-0-12-1-1-1-0-0-1-1-1-0-0-0
10,5,10,0-1-2-3-4-5-6-7-8-9-10-11-11-11-2-11-11-11-11-11-11-11-11-11-11-19-12
10,5,10,0-1-1-1-1-1-1-1-1-1-1-1-1-1-13-1-1-1-1-1-1-1-1-1-1-13-13
10,5,10,0-0-2-3-4-5-6-6-6-6-6-11-12-13-2-13-12-12-12-12-12-12-12-12-12-12-12
10,5,10,0-0-1-1-1-1-1-1-1-1-1-1-6-12-2-12-6-6-6-11-1-5-5-5-6-25-26
10,5,10,0-0-1-1-1-1-1-1-1-1-1-1-5-5-11-14-2-2-1-2-14-2-2-2-2-14-14
10,5,10,0-0-2-2-2-2-2-2-2-2-2-2-2-2-2-2-2-2-2-2-2-2-2-2-2-25-26
10,5,10,0-0-0-0-4-5-5-7-0-0-9-9-2-2-0-13-13-13-13-13-13-13-13-13-13-13-13
10,5,10,0-0-2-3-4-5-6-7-8-9-10-11-12-4-11-15-11-11-11-11-11-11-11-11-10-25-